SampleName,Marker,Allele 1,Allele 2,Allele 3,Allele 4,Allele 5,Allele 6,Allele 7,Allele 8,Allele 9,Height 1,Height 2,Height 3,Height 4,Height 5,Height 6,Height 7,Height 8,Height 9
3P_1.35ng_20-5-1,D1S1656,14_13_1_0,15_14_1_0,16.3_11_1_0,NA,NA,NA,NA,NA,NA,67,176,176,NA,NA,NA,NA,NA,NA
3P_1.35ng_20-5-1,TPOX,11_11,8_8,9_9,NA,NA,NA,NA,NA,NA,124,660,479,NA,NA,NA,NA,NA,NA
3P_1.35ng_20-5-1,D2S441,10_8_0,11.3_7_0,11_11_0,11_9_0,14_11_0,NA,NA,NA,NA,106,51,215,2152,205,NA,NA,NA,NA
3P_1.35ng_20-5-1,D2S1338,17_11_0_6,18_12_0_6,19_12_0_7,20_13_0_7,20_14_0_6,21_14_0_7,22_13_1_6,25_15_1_7,NA,96,780,170,108,107,521,44,39,NA
3P_1.35ng_20-5-1,D3S1358,15_12_2,16_13_2,16_14_1,17_13_3,17_14_2,18_14_3,NA,NA,NA,33,344,96,238,1447,1772,NA,NA,NA
3P_1.35ng_20-5-1,D4S2408,10_10_0,11_11_0,12_12_0,9_9_0,NA,NA,NA,NA,NA,1661,33,93,206,NA,NA,NA,NA,NA
3P_1.35ng_20-5-1,FGA,19_11_3_0,21_13_3_0,22_14_3_0,23_15_3_0,24_16_3_0,NA,NA,NA,NA,37,150,1014,316,734,NA,NA,NA,NA
3P_1.35ng_20-5-1,D5S818,11_11,12_12,12_13,NA,NA,NA,NA,NA,NA,212,43,276,NA,NA,NA,NA,NA,NA
3P_1.35ng_20-5-1,CSF1PO,10_10_0,12_12_0,9_9_0,NA,NA,NA,NA,NA,NA,259,252,62,NA,NA,NA,NA,NA,NA
3P_1.35ng_20-5-1,D6S1043,11_11_0,12_12_0,13_13_0,20.3_12_1,21.3_13_1,NA,NA,NA,NA,347,1236,38,54,672,NA,NA,NA,NA
3P_1.35ng_20-5-1,D7S820,10_10_1_0,8_8_1_0,9_9_1_0,NA,NA,NA,NA,NA,NA,103,70,1454,NA,NA,NA,NA,NA,NA
3P_1.35ng_20-5-1,D8S1179,12_10_1_0,13_11_1_0,14_11_1_0,14_12_1_0,15_12_1_0,15_13_1_0,NA,NA,NA,51,51,175,398,1219,983,NA,NA,NA
3P_1.35ng_20-5-1,D9S1122,10_8,11_9,12_10,13_11,8_6,9_7,NA,NA,NA,68,1318,295,311,63,1550,NA,NA,NA
3P_1.35ng_20-5-1,D10S1248,12_12,13_13,15_15,16_16,NA,NA,NA,NA,NA,72,645,201,394,NA,NA,NA,NA,NA
3P_1.35ng_20-5-1,TH01,6_6,7_7,8_8,NA,NA,NA,NA,NA,NA,71,1043,4196,NA,NA,NA,NA,NA,NA
3P_1.35ng_20-5-1,VWA,14_3_4_2,15_10_4_1,16_11_4_1,17_13_4_1,19_14_4_1,NA,NA,NA,NA,39,73,721,35,59,NA,NA,NA,NA
3P_1.35ng_20-5-1,D12S391,17_10_6_0,18_11_6_0,19_11_7_0,19_12_6_0,20_12_7_0,NA,NA,NA,NA,119,849,43,520,105,NA,NA,NA,NA
3P_1.35ng_20-5-1,D13S317,10_11_3_1,11_11_3_1,11_12_3_1,12_12_3_1,13_13_3_1,NA,NA,NA,NA,34,637,644,203,137,NA,NA,NA,NA
3P_1.35ng_20-5-1,PENTA E,11_11,16_15,16_16,8_8,NA,NA,NA,NA,NA,285,219,54,68,NA,NA,NA,NA,NA
3P_1.35ng_20-5-1,D16S539,10_10_0,11_11_0,12_12_0,13_13_0,9_9_0,NA,NA,NA,NA,156,845,947,200,206,NA,NA,NA,NA
3P_1.35ng_20-5-1,D17S1301,11_11,12_12,13_13,NA,NA,NA,NA,NA,NA,154,899,87,NA,NA,NA,NA,NA,NA
3P_1.35ng_20-5-1,D18S51,11_11_1,13.2_13_0,15_15_1,16_16_1,17_17_1,18_18_1,NA,NA,NA,33,117,85,846,138,491,NA,NA,NA
3P_1.35ng_20-5-1,D19S433,11.2_10_0_0,12.2_11_0_0,13.2_12_0_0,14_12_1_0,15_13_1_0,16_14_1_0,NA,NA,NA,50,686,48,311,54,490,NA,NA,NA
3P_1.35ng_20-5-1,D20S482,12_12,13_13,14_14,15_15,NA,NA,NA,NA,NA,225,2372,3100,157,NA,NA,NA,NA,NA
3P_1.35ng_20-5-1,D21S11,28_10_4_6,29_10_4_7,29_10_6_5,29_11_4_6,30_11_6_5,NA,NA,NA,NA,46,84,130,503,449,NA,NA,NA,NA
3P_1.35ng_20-5-1,PENTA D,10_10,11_11,NA,NA,NA,NA,NA,NA,NA,238,204,NA,NA,NA,NA,NA,NA,NA
3P_1.35ng_20-5-1,D22S1045,13_10,14_11,15_12,16_13,17_14,NA,NA,NA,NA,247,62,602,1876,51,NA,NA,NA,NA
3Q_1.35ng_20-5-1,D1S1656,14_13_1_0,15_14_1_0,16.3_11_1_0,16_15_1_0,NA,NA,NA,NA,NA,70,297,166,48,NA,NA,NA,NA,NA
3Q_1.35ng_20-5-1,TPOX,11_11,7_7,8_8,9_9,NA,NA,NA,NA,NA,157,49,1094,736,NA,NA,NA,NA,NA
3Q_1.35ng_20-5-1,D2S441,10_8_0,11.3_7_0,11_11_0,11_8_0,11_9_0,14_11_0,NA,NA,NA,117,43,264,34,2673,336,NA,NA,NA
3Q_1.35ng_20-5-1,D2S1338,17_11_0_6,18_11_0_7,18_12_0_6,19_12_0_7,19_13_0_6,20_13_0_7,20_14_0_6,21_14_0_7,NA,162,37,1035,204,31,136,168,715,NA
3Q_1.35ng_20-5-1,D3S1358,15_12_2,16_13_2,17_13_3,17_14_2,17_9_2,18_14_3,18_15_2,NA,NA,37,436,264,1775,33,1916,42,NA,NA
3Q_1.35ng_20-5-1,D4S2408,10_10_0,11_11_0,12_12_0,9_9_0,NA,NA,NA,NA,NA,2009,44,123,220,NA,NA,NA,NA,NA
3Q_1.35ng_20-5-1,FGA,19_11_3_0,21_13_3_0,22_14_3_0,23_15_3_0,24_16_3_0,NA,NA,NA,NA,40,159,1152,384,801,NA,NA,NA,NA
3Q_1.35ng_20-5-1,D5S818,11_11,12_12,12_13,NA,NA,NA,NA,NA,NA,302,54,333,NA,NA,NA,NA,NA,NA
3Q_1.35ng_20-5-1,CSF1PO,10_10_0,11_11_0,12_12_0,9_9_0,NA,NA,NA,NA,NA,299,31,330,69,NA,NA,NA,NA,NA
3Q_1.35ng_20-5-1,D6S1043,11_11_0,12_12_0,13_13_0,20.3_12_1,21.3_13_1,NA,NA,NA,NA,359,1208,83,66,810,NA,NA,NA,NA
3Q_1.35ng_20-5-1,D7S820,10_10_1_0,8_8_1_0,9_9_1_0,NA,NA,NA,NA,NA,NA,169,104,1631,NA,NA,NA,NA,NA,NA
3Q_1.35ng_20-5-1,D8S1179,12_10_1_0,14_11_1_0,14_12_1_0,15_12_1_0,15_13_1_0,NA,NA,NA,NA,67,222,352,1530,1143,NA,NA,NA,NA
3Q_1.35ng_20-5-1,D9S1122,10_8,11_9,12_10,13_11,13_13,8_6,9_7,NA,NA,103,1955,328,296,49,68,1849,NA,NA
3Q_1.35ng_20-5-1,D10S1248,12_12,13_13,14_14,15_15,16_16,NA,NA,NA,NA,79,711,32,246,402,NA,NA,NA,NA
3Q_1.35ng_20-5-1,TH01,6_6,7_7,8_8,NA,NA,NA,NA,NA,NA,77,1153,5395,NA,NA,NA,NA,NA,NA
3Q_1.35ng_20-5-1,VWA,15_10_4_1,16_11_4_1,17_13_4_1,19_14_4_1,NA,NA,NA,NA,NA,84,706,37,39,NA,NA,NA,NA,NA
3Q_1.35ng_20-5-1,D12S391,17_10_6_0,18_11_6_0,19_12_6_0,20_12_7_0,NA,NA,NA,NA,NA,147,850,498,92,NA,NA,NA,NA,NA
3Q_1.35ng_20-5-1,D13S317,11_11_3_1,11_12_3_1,12_12_3_1,13_13_3_1,NA,NA,NA,NA,NA,724,853,199,134,NA,NA,NA,NA,NA
3Q_1.35ng_20-5-1,PENTA E,11_11,16_15,16_16,8_8,NA,NA,NA,NA,NA,303,305,41,60,NA,NA,NA,NA,NA
3Q_1.35ng_20-5-1,D16S539,10_10_0,11_11_0,12_12_0,13_13_0,9_9_0,NA,NA,NA,NA,228,1313,961,138,229,NA,NA,NA,NA
3Q_1.35ng_20-5-1,D17S1301,11_11,12_12,13_13,NA,NA,NA,NA,NA,NA,176,1076,63,NA,NA,NA,NA,NA,NA
3Q_1.35ng_20-5-1,D18S51,13.2_13_0,15_15_1,16_16_1,17_17_1,18_18_1,NA,NA,NA,NA,176,111,901,151,906,NA,NA,NA,NA
3Q_1.35ng_20-5-1,D19S433,11.2_10_0_0,12.2_11_0_0,14_12_1_0,15_13_1_0,16_14_1_0,NA,NA,NA,NA,75,1047,331,59,484,NA,NA,NA,NA
3Q_1.35ng_20-5-1,D20S482,12_12,13_12,13_13,14_14,15_15,NA,NA,NA,NA,349,32,3383,3517,372,NA,NA,NA,NA
3Q_1.35ng_20-5-1,D21S11,28_10_4_6,29_10_4_7,29_10_6_5,29_11_4_6,30_11_6_5,NA,NA,NA,NA,49,70,148,464,486,NA,NA,NA,NA
3Q_1.35ng_20-5-1,PENTA D,10_10,11_11,12_12,2.2_5,NA,NA,NA,NA,NA,310,203,47,36,NA,NA,NA,NA,NA
3Q_1.35ng_20-5-1,D22S1045,12_9,13_10,14_11,15_12,16_13,17_14,NA,NA,NA,39,369,69,598,2336,89,NA,NA,NA
