Allele	D1S1656	TPOX	D2S441	D2S1338	D3S1358	D4S2408	FGA	D5S818	CSF1PO	D6S1043	D7S820	D8S1179	D9S1122	D10S1248	TH01	vWA	D12S391	D13S317	Penta E	D16S539	D17S1301	D18S51	D19S433	D20S482	D21S11	Penta D	D22S1045
2.2_5	NA	NA	NA	NA	NA	NA	NA	NA	NA	NA	NA	NA	NA	NA	NA	NA	NA	NA	NA	NA	NA	NA	NA	NA	NA	0.114035087719298	NA
3.2_6	NA	NA	NA	NA	NA	NA	NA	NA	NA	NA	NA	NA	NA	NA	NA	NA	NA	NA	NA	NA	NA	NA	NA	NA	NA	0.0087719298245614	NA
5_5	NA	NA	NA	NA	NA	NA	NA	NA	NA	NA	NA	NA	NA	NA	0.0043859649122807	NA	NA	NA	0.0950292397660819	NA	NA	NA	NA	NA	NA	0.043859649122807	NA
5_5_0	NA	NA	NA	NA	NA	NA	NA	NA	NA	NA	NA	NA	NA	NA	NA	NA	NA	NA	NA	0.00146198830409357	NA	NA	NA	NA	NA	NA	NA
6_6	NA	0.0894428152492669	NA	NA	NA	NA	NA	NA	NA	NA	NA	NA	NA	NA	0.131578947368421	NA	NA	NA	0.00146198830409357	NA	NA	NA	NA	NA	NA	0.010233918128655	NA
6_6_1_0	NA	NA	NA	NA	NA	NA	NA	NA	NA	NA	0.00146198830409357	NA	NA	NA	NA	NA	NA	NA	NA	NA	NA	NA	NA	NA	NA	NA	NA
7_7	NA	0.0175953079178886	NA	NA	NA	NA	NA	0.00146198830409357	NA	NA	NA	NA	NA	NA	0.407894736842105	NA	NA	NA	0.103801169590643	NA	NA	NA	NA	NA	NA	0.043859649122807	NA
7_7_0	NA	NA	NA	NA	NA	0.00146198830409357	NA	NA	0.0555555555555556	NA	NA	NA	NA	NA	NA	NA	NA	NA	NA	NA	NA	NA	NA	NA	NA	NA	NA
7_7_1_0	NA	NA	NA	NA	NA	NA	NA	NA	NA	NA	0.0116959064327485	NA	NA	NA	NA	NA	NA	NA	NA	NA	NA	NA	NA	NA	NA	NA	NA
8_8	NA	0.368035190615836	NA	NA	NA	NA	NA	0.00146198830409357	NA	NA	NA	NA	NA	0.00292397660818713	0.195906432748538	NA	NA	NA	0.166666666666667	NA	NA	NA	NA	NA	NA	0.108187134502924	NA
8_8_0	NA	NA	NA	NA	NA	0.153508771929825	NA	NA	0.0555555555555556	NA	NA	NA	NA	NA	NA	NA	NA	NA	NA	0.0321637426900585	NA	NA	NA	NA	NA	NA	NA
8_9	NA	NA	NA	NA	NA	NA	NA	0.0467836257309941	NA	NA	NA	NA	NA	NA	NA	NA	NA	NA	NA	NA	NA	NA	NA	NA	NA	NA	NA
8_8_1_0	NA	NA	NA	NA	NA	NA	NA	NA	NA	NA	0.228070175438596	NA	NA	NA	NA	NA	NA	NA	NA	NA	NA	NA	NA	NA	NA	NA	NA
8_8_0_0	NA	NA	NA	NA	NA	NA	NA	NA	NA	NA	NA	0.00730994152046784	NA	NA	NA	NA	NA	NA	NA	NA	NA	NA	NA	NA	NA	NA	NA
8_10_3_0	NA	NA	NA	NA	NA	NA	NA	NA	NA	NA	NA	NA	NA	NA	NA	NA	NA	0.00146198830409357	NA	NA	NA	NA	NA	NA	NA	NA	NA
8_8_3_1	NA	NA	NA	NA	NA	NA	NA	NA	NA	NA	NA	NA	NA	NA	NA	NA	NA	0.0263157894736842	NA	NA	NA	NA	NA	NA	NA	NA	NA
8_5	NA	NA	NA	NA	NA	NA	NA	NA	NA	NA	NA	NA	NA	NA	NA	NA	NA	NA	NA	NA	NA	NA	NA	NA	NA	NA	0.00730994152046784
9_9	NA	0.195014662756598	NA	NA	NA	NA	NA	0.00292397660818713	NA	NA	NA	NA	0.00584795321637427	0.00292397660818713	0.159356725146199	NA	NA	NA	0.0511695906432749	NA	0.00292397660818713	NA	NA	0.0043859649122807	NA	0.16812865497076	NA
9_9_0	NA	NA	0.00292397660818713	NA	NA	0.165204678362573	NA	NA	0.0394736842105263	0.00146198830409357	NA	NA	NA	NA	NA	NA	NA	NA	NA	0.182748538011696	NA	NA	NA	NA	NA	NA	NA
9_7_0	NA	NA	NA	NA	NA	0.0131578947368421	NA	NA	NA	NA	NA	NA	NA	NA	NA	NA	NA	NA	NA	NA	NA	NA	NA	NA	NA	NA	NA
9_10	NA	NA	NA	NA	NA	NA	NA	0.0292397660818713	NA	NA	NA	NA	NA	NA	NA	NA	NA	NA	NA	NA	NA	NA	NA	NA	NA	NA	NA
9_9_1_0	NA	NA	NA	NA	NA	NA	NA	NA	NA	NA	0.115497076023392	NA	NA	NA	NA	NA	NA	NA	NA	NA	NA	NA	NA	NA	NA	NA	NA
9_9_0_0	NA	NA	NA	NA	NA	NA	NA	NA	NA	NA	NA	0.0043859649122807	NA	NA	NA	NA	NA	NA	NA	NA	NA	NA	NA	NA	NA	NA	NA
9_7	NA	NA	NA	NA	NA	NA	NA	NA	NA	NA	NA	NA	0.0190058479532164	NA	NA	NA	NA	NA	NA	NA	NA	NA	NA	NA	NA	NA	NA
9_10_3_1	NA	NA	NA	NA	NA	NA	NA	NA	NA	NA	NA	NA	NA	NA	NA	NA	NA	0.00146198830409357	NA	NA	NA	NA	NA	NA	NA	NA	NA
9_11_2_1	NA	NA	NA	NA	NA	NA	NA	NA	NA	NA	NA	NA	NA	NA	NA	NA	NA	0.00146198830409357	NA	NA	NA	NA	NA	NA	NA	NA	NA
9_11_3_0	NA	NA	NA	NA	NA	NA	NA	NA	NA	NA	NA	NA	NA	NA	NA	NA	NA	0.00584795321637427	NA	NA	NA	NA	NA	NA	NA	NA	NA
9_9_3_1	NA	NA	NA	NA	NA	NA	NA	NA	NA	NA	NA	NA	NA	NA	NA	NA	NA	0.0248538011695906	NA	NA	NA	NA	NA	NA	NA	NA	NA
9_9_1	NA	NA	NA	NA	NA	NA	NA	NA	NA	NA	NA	NA	NA	NA	NA	NA	NA	NA	NA	NA	NA	0.00292397660818713	NA	NA	NA	NA	NA
9.3_6	NA	NA	NA	NA	NA	NA	NA	NA	NA	NA	NA	NA	NA	NA	0.0964912280701754	NA	NA	NA	NA	NA	NA	NA	NA	NA	NA	NA	NA
10_10_0_0	0.0146198830409357	NA	NA	NA	NA	NA	NA	NA	NA	NA	NA	0.0307017543859649	NA	NA	NA	NA	NA	NA	NA	NA	NA	NA	NA	NA	NA	NA	NA
10_10	NA	0.0865102639296188	NA	NA	NA	NA	NA	0.0570175438596491	NA	NA	NA	NA	0.0087719298245614	0.00730994152046784	0.0043859649122807	NA	NA	NA	0.0467836257309941	NA	0.0175438596491228	NA	NA	0.0087719298245614	NA	0.0994152046783626	NA
10_10_0	NA	NA	0.0570175438596491	NA	NA	0.248538011695906	NA	NA	0.25	0.00584795321637427	NA	NA	NA	NA	NA	NA	NA	NA	NA	0.115497076023392	NA	NA	NA	NA	NA	NA	NA
10_8_0	NA	NA	0.0277777777777778	NA	NA	NA	NA	NA	NA	NA	NA	NA	NA	NA	NA	NA	NA	NA	NA	NA	NA	NA	NA	NA	NA	NA	NA
10_11	NA	NA	NA	NA	NA	NA	NA	0.0160818713450292	NA	NA	NA	NA	NA	NA	NA	NA	NA	NA	NA	NA	NA	NA	NA	NA	NA	NA	NA
10_10_1_0	NA	NA	NA	NA	NA	NA	NA	NA	NA	NA	0.334795321637427	NA	NA	NA	NA	NA	NA	NA	NA	NA	NA	NA	NA	NA	NA	NA	NA
10_9_1_0	NA	NA	NA	NA	NA	NA	NA	NA	NA	NA	0.00146198830409357	NA	NA	NA	NA	NA	NA	NA	NA	NA	NA	NA	NA	NA	NA	NA	NA
10_8	NA	NA	NA	NA	NA	NA	NA	NA	NA	NA	NA	NA	0.0043859649122807	NA	NA	NA	NA	NA	NA	NA	NA	NA	NA	NA	NA	NA	NA
10_10_3_1	NA	NA	NA	NA	NA	NA	NA	NA	NA	NA	NA	NA	NA	NA	NA	NA	NA	0.0277777777777778	NA	NA	NA	NA	NA	NA	NA	NA	NA
10_11_3_1	NA	NA	NA	NA	NA	NA	NA	NA	NA	NA	NA	NA	NA	NA	NA	NA	NA	0.00146198830409357	NA	NA	NA	NA	NA	NA	NA	NA	NA
10_12_3_0	NA	NA	NA	NA	NA	NA	NA	NA	NA	NA	NA	NA	NA	NA	NA	NA	NA	0.00146198830409357	NA	NA	NA	NA	NA	NA	NA	NA	NA
10_5_1	NA	NA	NA	NA	NA	NA	NA	NA	NA	NA	NA	NA	NA	NA	NA	NA	NA	NA	NA	0.00146198830409357	NA	NA	NA	NA	NA	NA	NA
10_10_1	NA	NA	NA	NA	NA	NA	NA	NA	NA	NA	NA	NA	NA	NA	NA	NA	NA	NA	NA	NA	NA	0.0043859649122807	NA	NA	NA	NA	NA
10_8_1_0	NA	NA	NA	NA	NA	NA	NA	NA	NA	NA	NA	NA	NA	NA	NA	NA	NA	NA	NA	NA	NA	NA	0.010233918128655	NA	NA	NA	NA
10_7	NA	NA	NA	NA	NA	NA	NA	NA	NA	NA	NA	NA	NA	NA	NA	NA	NA	NA	NA	NA	NA	NA	NA	NA	NA	NA	0.0409356725146199
11_10_1_0	0.0043859649122807	NA	NA	NA	NA	NA	NA	NA	NA	NA	NA	NA	NA	NA	NA	NA	NA	NA	NA	NA	NA	NA	NA	NA	NA	NA	NA
11_11_0_0	0.0409356725146199	NA	NA	NA	NA	NA	NA	NA	NA	NA	NA	0.0365497076023392	NA	NA	NA	NA	NA	NA	NA	NA	NA	NA	NA	NA	NA	NA	NA
11_11	NA	0.215542521994135	NA	NA	NA	NA	NA	0.211988304093567	NA	NA	NA	NA	0.0599415204678363	0.0350877192982456	NA	NA	NA	NA	0.064327485380117	NA	0.18859649122807	NA	NA	0.0233918128654971	NA	0.179824561403509	NA
11_11_0	NA	NA	0.317251461988304	NA	NA	0.305555555555556	NA	NA	0.247076023391813	0.153508771929825	NA	NA	NA	NA	NA	NA	NA	NA	NA	0.314327485380117	NA	0.00146198830409357	NA	NA	NA	NA	NA
11_9_0	NA	NA	0.0453216374269006	NA	NA	NA	NA	NA	NA	NA	NA	NA	NA	NA	NA	NA	NA	NA	NA	NA	NA	NA	NA	NA	NA	NA	NA
11_12	NA	NA	NA	NA	NA	NA	NA	0.0219298245614035	NA	NA	NA	NA	NA	NA	NA	NA	NA	NA	NA	NA	NA	NA	NA	NA	NA	NA	NA
11_11_1_0	NA	NA	NA	NA	NA	NA	NA	NA	NA	NA	0.203216374269006	NA	NA	NA	NA	NA	NA	NA	NA	NA	NA	NA	NA	NA	NA	NA	NA
11_8_1_0	NA	NA	NA	NA	NA	NA	NA	NA	NA	NA	NA	0.0131578947368421	NA	NA	NA	NA	NA	NA	NA	NA	NA	NA	NA	NA	NA	NA	NA
11_9_1_0	NA	NA	NA	NA	NA	NA	NA	NA	NA	NA	NA	0.00292397660818713	NA	NA	NA	NA	NA	NA	NA	NA	NA	NA	0.0628654970760234	NA	NA	NA	NA
11_9	NA	NA	NA	NA	NA	NA	NA	NA	NA	NA	NA	NA	0.109649122807018	NA	NA	NA	NA	NA	NA	NA	NA	NA	NA	NA	NA	NA	NA
11_7_3_1	NA	NA	NA	NA	NA	NA	NA	NA	NA	NA	NA	NA	NA	NA	NA	0.00292397660818713	NA	NA	NA	NA	NA	NA	NA	NA	NA	NA	NA
11_11_3_1	NA	NA	NA	NA	NA	NA	NA	NA	NA	NA	NA	NA	NA	NA	NA	NA	NA	0.187134502923977	NA	NA	NA	NA	NA	NA	NA	NA	NA
11_12_3_1	NA	NA	NA	NA	NA	NA	NA	NA	NA	NA	NA	NA	NA	NA	NA	NA	NA	0.121345029239766	NA	NA	NA	NA	NA	NA	NA	NA	NA
11_13_3_0	NA	NA	NA	NA	NA	NA	NA	NA	NA	NA	NA	NA	NA	NA	NA	NA	NA	0.00146198830409357	NA	NA	NA	NA	NA	NA	NA	NA	NA
11_10	NA	NA	NA	NA	NA	NA	NA	NA	NA	NA	NA	NA	NA	NA	NA	NA	NA	NA	NA	NA	0.00584795321637427	NA	NA	NA	NA	NA	NA
11_8	NA	NA	NA	NA	NA	NA	NA	NA	NA	NA	NA	NA	NA	NA	NA	NA	NA	NA	NA	NA	NA	NA	NA	NA	NA	NA	0.144736842105263
11.3_7_0	NA	NA	0.0409356725146199	NA	NA	NA	NA	NA	NA	NA	NA	NA	NA	NA	NA	NA	NA	NA	NA	NA	NA	NA	NA	NA	NA	NA	NA
11.3_8_0	NA	NA	0.00292397660818713	NA	NA	NA	NA	NA	NA	NA	NA	NA	NA	NA	NA	NA	NA	NA	NA	NA	NA	NA	NA	NA	NA	NA	NA
12_11_1_0	0.0204678362573099	NA	NA	NA	NA	NA	NA	NA	NA	NA	NA	NA	NA	NA	NA	NA	NA	NA	NA	NA	NA	NA	NA	NA	NA	NA	NA
12_12_0_0	0.043859649122807	NA	NA	NA	NA	NA	NA	NA	NA	NA	NA	0.054093567251462	NA	NA	NA	NA	NA	NA	NA	NA	NA	NA	NA	NA	NA	NA	NA
12_12	NA	0.0263929618768328	NA	NA	NA	NA	NA	0.271929824561404	NA	NA	NA	NA	0.0994152046783626	0.130116959064327	NA	NA	NA	NA	0.128654970760234	NA	0.497076023391813	NA	NA	0.0394736842105263	NA	0.108187134502924	NA
12_10_0	NA	NA	0.00730994152046784	NA	NA	NA	NA	NA	NA	NA	NA	NA	NA	NA	NA	NA	NA	NA	NA	NA	NA	NA	NA	NA	NA	NA	NA
12_12_0	NA	NA	0.157894736842105	NA	NA	0.108187134502924	NA	NA	0.292397660818713	0.223684210526316	NA	NA	NA	NA	NA	NA	NA	NA	NA	0.204678362573099	NA	NA	NA	NA	NA	NA	NA
12_10_1	NA	NA	NA	NA	0.0043859649122807	NA	NA	NA	NA	NA	NA	NA	NA	NA	NA	NA	NA	NA	NA	NA	NA	NA	NA	NA	NA	NA	NA
12_8_1	NA	NA	NA	NA	NA	0.00292397660818713	NA	NA	NA	NA	NA	NA	NA	NA	NA	NA	NA	NA	NA	NA	NA	NA	NA	NA	NA	NA	NA
12_13	NA	NA	NA	NA	NA	NA	NA	0.0964912280701754	NA	NA	NA	NA	NA	NA	NA	NA	NA	NA	NA	NA	NA	NA	NA	NA	NA	NA	NA
12_12_1_0	NA	NA	NA	NA	NA	NA	NA	NA	NA	NA	0.087719298245614	NA	NA	NA	NA	NA	NA	NA	NA	NA	NA	NA	NA	NA	NA	NA	NA
12_10_1_0	NA	NA	NA	NA	NA	NA	NA	NA	NA	NA	NA	0.0087719298245614	NA	NA	NA	NA	NA	NA	NA	NA	NA	NA	0.12280701754386	NA	NA	NA	NA
12_9_1_0	NA	NA	NA	NA	NA	NA	NA	NA	NA	NA	NA	0.0672514619883041	NA	NA	NA	NA	NA	NA	NA	NA	NA	NA	NA	NA	NA	NA	NA
12_10	NA	NA	NA	NA	NA	NA	NA	NA	NA	NA	NA	NA	0.274853801169591	NA	NA	NA	NA	NA	NA	NA	NA	NA	NA	NA	NA	NA	NA
12_9_4_0	NA	NA	NA	NA	NA	NA	NA	NA	NA	NA	NA	NA	NA	NA	NA	0.00146198830409357	NA	NA	NA	NA	NA	NA	NA	NA	NA	NA	NA
12_12_3_1	NA	NA	NA	NA	NA	NA	NA	NA	NA	NA	NA	NA	NA	NA	NA	NA	NA	0.302631578947368	NA	NA	NA	NA	NA	NA	NA	NA	NA
12_13_3_1	NA	NA	NA	NA	NA	NA	NA	NA	NA	NA	NA	NA	NA	NA	NA	NA	NA	0.114035087719298	NA	NA	NA	NA	NA	NA	NA	NA	NA
12_7_3_1	NA	NA	NA	NA	NA	NA	NA	NA	NA	NA	NA	NA	NA	NA	NA	NA	NA	0.00146198830409357	NA	NA	NA	NA	NA	NA	NA	NA	NA
12_12_1	NA	NA	NA	NA	NA	NA	NA	NA	NA	NA	NA	NA	NA	NA	NA	NA	NA	NA	NA	NA	NA	0.0760233918128655	NA	NA	NA	NA	NA
12_9	NA	NA	NA	NA	NA	NA	NA	NA	NA	NA	NA	NA	NA	NA	NA	NA	NA	NA	NA	NA	NA	NA	NA	NA	NA	NA	0.054093567251462
12.2_11_0_0	NA	NA	NA	NA	NA	NA	NA	NA	NA	NA	NA	NA	NA	NA	NA	NA	NA	NA	NA	NA	NA	NA	0.0307017543859649	NA	NA	NA	NA
12.2_6_0_0	NA	NA	NA	NA	NA	NA	NA	NA	NA	NA	NA	NA	NA	NA	NA	NA	NA	NA	NA	NA	NA	NA	0.00584795321637427	NA	NA	NA	NA
12.3_8_0	NA	NA	0.00584795321637427	NA	NA	NA	NA	NA	NA	NA	NA	NA	NA	NA	NA	NA	NA	NA	NA	NA	NA	NA	NA	NA	NA	NA	NA
13_11_0_0	0.00146198830409357	NA	NA	NA	NA	NA	NA	NA	NA	NA	NA	NA	NA	NA	NA	NA	NA	NA	NA	NA	NA	NA	NA	NA	NA	NA	NA
13_12_1_0	0.0277777777777778	NA	NA	NA	NA	NA	NA	NA	NA	NA	NA	NA	NA	NA	NA	NA	NA	NA	NA	NA	NA	NA	NA	NA	NA	NA	NA
13_13_0_0	0.0716374269005848	NA	NA	NA	NA	NA	NA	NA	NA	NA	NA	0.0219298245614035	NA	NA	NA	NA	NA	NA	NA	NA	NA	NA	NA	NA	NA	NA	NA
13_13	NA	0.00146627565982405	NA	NA	NA	NA	NA	0.149122807017544	NA	NA	NA	NA	0.0467836257309941	0.232456140350877	NA	NA	NA	NA	0.103801169590643	NA	0.214912280701754	NA	NA	0.178362573099415	NA	0.0833333333333333	NA
13_10_0	NA	NA	0.033625730994152	NA	NA	NA	NA	NA	NA	NA	NA	NA	NA	NA	NA	NA	NA	NA	NA	NA	NA	NA	NA	NA	NA	NA	NA
13_11_0	NA	NA	0.00146198830409357	NA	NA	NA	NA	NA	NA	NA	NA	NA	NA	NA	NA	NA	NA	NA	NA	NA	NA	NA	NA	NA	NA	NA	NA
13_13_0	NA	NA	0.0087719298245614	NA	NA	0.00146198830409357	NA	NA	0.0467836257309941	0.097953216374269	NA	NA	NA	NA	NA	NA	NA	NA	NA	0.12280701754386	NA	NA	NA	NA	NA	NA	NA
13_11_1	NA	NA	NA	NA	0.00292397660818713	NA	NA	NA	NA	NA	NA	NA	NA	NA	NA	NA	NA	NA	NA	NA	NA	NA	NA	NA	NA	NA	NA
13_14	NA	NA	NA	NA	NA	NA	NA	0.0482456140350877	NA	NA	NA	NA	NA	NA	NA	NA	NA	NA	NA	NA	NA	NA	NA	NA	NA	NA	NA
13_9	NA	NA	NA	NA	NA	NA	NA	0.0263157894736842	NA	NA	NA	NA	NA	0.00146198830409357	NA	NA	NA	NA	NA	NA	NA	NA	NA	NA	NA	NA	NA
13_13_1_0	NA	NA	NA	NA	NA	NA	NA	NA	NA	NA	0.0146198830409357	NA	NA	NA	NA	NA	NA	NA	NA	NA	NA	NA	0.00146198830409357	NA	NA	NA	NA
13_10_1_0	NA	NA	NA	NA	NA	NA	NA	NA	NA	NA	NA	0.0555555555555556	NA	NA	NA	NA	NA	NA	NA	NA	NA	NA	NA	NA	NA	NA	NA
13_11_1_0	NA	NA	NA	NA	NA	NA	NA	NA	NA	NA	NA	0.138888888888889	NA	NA	NA	NA	NA	NA	NA	NA	NA	NA	0.244152046783626	NA	NA	NA	NA
13_9_2_0	NA	NA	NA	NA	NA	NA	NA	NA	NA	NA	NA	0.00292397660818713	NA	NA	NA	NA	NA	NA	NA	NA	NA	NA	NA	NA	NA	NA	NA
13_10	NA	NA	NA	NA	NA	NA	NA	NA	NA	NA	NA	NA	0.00146198830409357	NA	NA	NA	NA	NA	NA	NA	NA	NA	NA	NA	NA	NA	0.00292397660818713
13_11	NA	NA	NA	NA	NA	NA	NA	NA	NA	NA	NA	NA	0.269005847953216	NA	NA	NA	NA	NA	NA	NA	NA	NA	NA	NA	NA	NA	NA
13_10_4_0	NA	NA	NA	NA	NA	NA	NA	NA	NA	NA	NA	NA	NA	NA	NA	0.0043859649122807	NA	NA	NA	NA	NA	NA	NA	NA	NA	NA	NA
13_8_4_1	NA	NA	NA	NA	NA	NA	NA	NA	NA	NA	NA	NA	NA	NA	NA	0.00292397660818713	NA	NA	NA	NA	NA	NA	NA	NA	NA	NA	NA
13_9_3_1	NA	NA	NA	NA	NA	NA	NA	NA	NA	NA	NA	NA	NA	NA	NA	0.00146198830409357	NA	NA	NA	NA	NA	NA	NA	NA	NA	NA	NA
13_13_3_1	NA	NA	NA	NA	NA	NA	NA	NA	NA	NA	NA	NA	NA	NA	NA	NA	NA	0.105263157894737	NA	NA	NA	NA	NA	NA	NA	NA	NA
13_14_3_1	NA	NA	NA	NA	NA	NA	NA	NA	NA	NA	NA	NA	NA	NA	NA	NA	NA	0.0350877192982456	NA	NA	NA	NA	NA	NA	NA	NA	NA
13_12	NA	NA	NA	NA	NA	NA	NA	NA	NA	NA	NA	NA	NA	NA	NA	NA	NA	NA	NA	NA	0.00146198830409357	NA	NA	NA	NA	NA	NA
13_13_1	NA	NA	NA	NA	NA	NA	NA	NA	NA	NA	NA	NA	NA	NA	NA	NA	NA	NA	NA	NA	NA	0.0409356725146199	NA	NA	NA	NA	NA
13.2_13_0	NA	NA	NA	NA	NA	NA	NA	NA	NA	NA	NA	NA	NA	NA	NA	NA	NA	NA	NA	NA	NA	0.0043859649122807	NA	NA	NA	NA	NA
13.2_12_0_0	NA	NA	NA	NA	NA	NA	NA	NA	NA	NA	NA	NA	NA	NA	NA	NA	NA	NA	NA	NA	NA	NA	0.0526315789473684	NA	NA	NA	NA
13.3_10_0	NA	NA	0.00146198830409357	NA	NA	NA	NA	NA	NA	NA	NA	NA	NA	NA	NA	NA	NA	NA	NA	NA	NA	NA	NA	NA	NA	NA	NA
13.3_6_0	NA	NA	0.00146198830409357	NA	NA	NA	NA	NA	NA	NA	NA	NA	NA	NA	NA	NA	NA	NA	NA	NA	NA	NA	NA	NA	NA	NA	NA
13.4_14	NA	NA	NA	NA	NA	NA	NA	NA	NA	NA	NA	NA	NA	NA	NA	NA	NA	NA	NA	NA	NA	NA	NA	NA	NA	0.00146198830409357	NA
14_13_1_0	0.182748538011696	NA	NA	NA	NA	NA	NA	NA	NA	NA	NA	NA	NA	NA	NA	NA	NA	NA	NA	NA	NA	NA	NA	NA	NA	NA	NA
14_14_0_0	0.0745614035087719	NA	NA	NA	NA	NA	NA	NA	NA	NA	NA	0.010233918128655	NA	NA	NA	NA	NA	NA	NA	NA	NA	NA	NA	NA	NA	NA	NA
14_11_0	NA	NA	0.267543859649123	NA	NA	NA	NA	NA	NA	NA	NA	NA	NA	NA	NA	NA	NA	NA	NA	NA	NA	NA	NA	NA	NA	NA	NA
14_10_3	NA	NA	NA	NA	0.00292397660818713	NA	NA	NA	NA	NA	NA	NA	NA	NA	NA	NA	NA	NA	NA	NA	NA	NA	NA	NA	NA	NA	NA
14_11_2	NA	NA	NA	NA	0.0423976608187134	NA	NA	NA	NA	NA	NA	NA	NA	NA	NA	NA	NA	NA	NA	NA	NA	NA	NA	NA	NA	NA	NA
14_12_1	NA	NA	NA	NA	0.0453216374269006	NA	NA	NA	NA	NA	NA	NA	NA	NA	NA	NA	NA	NA	NA	NA	NA	NA	NA	NA	NA	NA	NA
14_10	NA	NA	NA	NA	NA	NA	NA	0.00292397660818713	NA	NA	NA	NA	NA	NA	NA	NA	NA	NA	NA	NA	NA	NA	NA	NA	NA	NA	NA
14_14	NA	NA	NA	NA	NA	NA	NA	0.010233918128655	NA	NA	NA	NA	0.010233918128655	0.276315789473684	NA	NA	NA	NA	0.0687134502923977	NA	0.0657894736842105	NA	NA	0.514619883040936	NA	0.0248538011695906	NA
14_15	NA	NA	NA	NA	NA	NA	NA	0.00292397660818713	NA	NA	NA	NA	NA	NA	NA	NA	NA	NA	NA	NA	NA	NA	NA	NA	NA	NA	NA
14_14_0	NA	NA	NA	NA	NA	NA	NA	NA	0.0087719298245614	0.0584795321637427	NA	NA	NA	NA	NA	NA	NA	NA	NA	0.0248538011695906	NA	NA	NA	NA	NA	NA	NA
14_14_1_0	NA	NA	NA	NA	NA	NA	NA	NA	NA	NA	0.00146198830409357	NA	NA	NA	NA	NA	NA	NA	NA	NA	NA	NA	0.00146198830409357	NA	NA	NA	NA
14_11_1_0	NA	NA	NA	NA	NA	NA	NA	NA	NA	NA	NA	0.087719298245614	NA	NA	NA	NA	NA	NA	NA	NA	NA	NA	NA	NA	NA	NA	NA
14_11_1_1	NA	NA	NA	NA	NA	NA	NA	NA	NA	NA	NA	0.00146198830409357	NA	NA	NA	NA	NA	NA	NA	NA	NA	NA	NA	NA	NA	NA	NA
14_12_1_0	NA	NA	NA	NA	NA	NA	NA	NA	NA	NA	NA	0.194444444444444	NA	NA	NA	NA	NA	NA	NA	NA	NA	NA	0.20906432748538	NA	NA	NA	NA
14_12	NA	NA	NA	NA	NA	NA	NA	NA	NA	NA	NA	NA	0.0701754385964912	NA	NA	NA	NA	NA	NA	NA	NA	NA	NA	NA	NA	NA	NA
14_10_3_1	NA	NA	NA	NA	NA	NA	NA	NA	NA	NA	NA	NA	NA	NA	NA	0.0043859649122807	NA	NA	NA	NA	NA	NA	NA	NA	NA	NA	NA
14_11_4_0	NA	NA	NA	NA	NA	NA	NA	NA	NA	NA	NA	NA	NA	NA	NA	0.0204678362573099	NA	NA	NA	NA	NA	NA	NA	NA	NA	NA	NA
14_3_4_2	NA	NA	NA	NA	NA	NA	NA	NA	NA	NA	NA	NA	NA	NA	NA	0.033625730994152	NA	NA	NA	NA	NA	NA	NA	NA	NA	NA	NA
14_9_4_1	NA	NA	NA	NA	NA	NA	NA	NA	NA	NA	NA	NA	NA	NA	NA	0.0219298245614035	NA	NA	NA	NA	NA	NA	NA	NA	NA	NA	NA
14_7_6_0	NA	NA	NA	NA	NA	NA	NA	NA	NA	NA	NA	NA	NA	NA	NA	NA	0.00146198830409357	NA	NA	NA	NA	NA	NA	NA	NA	NA	NA
14_14_3_1	NA	NA	NA	NA	NA	NA	NA	NA	NA	NA	NA	NA	NA	NA	NA	NA	NA	0.033625730994152	NA	NA	NA	NA	NA	NA	NA	NA	NA
14_15_3_1	NA	NA	NA	NA	NA	NA	NA	NA	NA	NA	NA	NA	NA	NA	NA	NA	NA	0.00584795321637427	NA	NA	NA	NA	NA	NA	NA	NA	NA
14_14_1	NA	NA	NA	NA	NA	NA	NA	NA	NA	NA	NA	NA	NA	NA	NA	NA	NA	NA	NA	NA	NA	0.0716374269005848	NA	NA	NA	NA	NA
14_11	NA	NA	NA	NA	NA	NA	NA	NA	NA	NA	NA	NA	NA	NA	NA	NA	NA	NA	NA	NA	NA	NA	NA	NA	NA	NA	0.0774853801169591
14.2_13_0_0	NA	NA	NA	NA	NA	NA	NA	NA	NA	NA	NA	NA	NA	NA	NA	NA	NA	NA	NA	NA	NA	NA	0.0745614035087719	NA	NA	NA	NA
14.3_11_1_0	0.00146198830409357	NA	NA	NA	NA	NA	NA	NA	NA	NA	NA	NA	NA	NA	NA	NA	NA	NA	NA	NA	NA	NA	NA	NA	NA	NA	NA
14.3_9_1_0	0.00584795321637427	NA	NA	NA	NA	NA	NA	NA	NA	NA	NA	NA	NA	NA	NA	NA	NA	NA	NA	NA	NA	NA	NA	NA	NA	NA	NA
14.3_11_0	NA	NA	0.00146198830409357	NA	NA	NA	NA	NA	NA	NA	NA	NA	NA	NA	NA	NA	NA	NA	NA	NA	NA	NA	NA	NA	NA	NA	NA
15_14_1_0	0.108187134502924	NA	NA	NA	NA	NA	NA	NA	NA	NA	NA	NA	NA	NA	NA	NA	NA	NA	NA	NA	NA	NA	NA	NA	NA	NA	NA
15_15_0_0	0.0497076023391813	NA	NA	NA	NA	NA	NA	NA	NA	NA	NA	0.00146198830409357	NA	NA	NA	NA	NA	NA	NA	NA	NA	NA	NA	NA	NA	NA	NA
15_12_0	NA	NA	0.0190058479532164	NA	NA	NA	NA	NA	NA	NA	NA	NA	NA	NA	NA	NA	NA	NA	NA	NA	NA	NA	NA	NA	NA	NA	NA
15_10_0_5	NA	NA	NA	0.00146198830409357	NA	NA	NA	NA	NA	NA	NA	NA	NA	NA	NA	NA	NA	NA	NA	NA	NA	NA	NA	NA	NA	NA	NA
15_11_3	NA	NA	NA	NA	0.0190058479532164	NA	NA	NA	NA	NA	NA	NA	NA	NA	NA	NA	NA	NA	NA	NA	NA	NA	NA	NA	NA	NA	NA
15_12_2	NA	NA	NA	NA	0.103801169590643	NA	NA	NA	NA	NA	NA	NA	NA	NA	NA	NA	NA	NA	NA	NA	NA	NA	NA	NA	NA	NA	NA
15_13_1	NA	NA	NA	NA	0.182748538011696	NA	NA	NA	NA	NA	NA	NA	NA	NA	NA	NA	NA	NA	NA	NA	NA	NA	NA	NA	NA	NA	NA
15_5_3	NA	NA	NA	NA	0.00146198830409357	NA	NA	NA	NA	NA	NA	NA	NA	NA	NA	NA	NA	NA	NA	NA	NA	NA	NA	NA	NA	NA	NA
15_8_2	NA	NA	NA	NA	0.00146198830409357	NA	NA	NA	NA	NA	NA	NA	NA	NA	NA	NA	NA	NA	NA	NA	NA	NA	NA	NA	NA	NA	NA
15_11	NA	NA	NA	NA	NA	NA	NA	0.00146198830409357	NA	NA	NA	NA	NA	NA	NA	NA	NA	NA	NA	NA	NA	NA	NA	NA	NA	NA	NA
15_15	NA	NA	NA	NA	NA	NA	NA	0.00146198830409357	NA	NA	NA	NA	NA	0.197368421052632	NA	NA	NA	NA	0.054093567251462	NA	0.00584795321637427	NA	NA	0.190058479532164	NA	0.0043859649122807	NA
15_15_0	NA	NA	NA	NA	NA	NA	NA	NA	NA	0.00730994152046784	NA	NA	NA	NA	NA	NA	NA	NA	NA	NA	NA	NA	NA	NA	NA	NA	NA
15_9_1	NA	NA	NA	NA	NA	NA	NA	NA	NA	0.0453216374269006	NA	NA	NA	NA	NA	NA	NA	NA	NA	NA	NA	NA	NA	NA	NA	NA	NA
15_11_2_0	NA	NA	NA	NA	NA	NA	NA	NA	NA	NA	NA	0.0146198830409357	NA	NA	NA	NA	NA	NA	NA	NA	NA	NA	NA	NA	NA	NA	NA
15_11_3_0	NA	NA	NA	NA	NA	NA	NA	NA	NA	NA	NA	0.00146198830409357	NA	NA	NA	NA	NA	NA	NA	NA	NA	NA	NA	NA	NA	NA	NA
15_12_1_0	NA	NA	NA	NA	NA	NA	NA	NA	NA	NA	NA	0.134502923976608	NA	NA	NA	NA	NA	NA	NA	NA	NA	NA	NA	NA	NA	NA	NA
15_13_1_0	NA	NA	NA	NA	NA	NA	NA	NA	NA	NA	NA	0.0380116959064327	NA	NA	NA	NA	NA	NA	NA	NA	NA	NA	0.0789473684210526	NA	NA	NA	NA
15_13	NA	NA	NA	NA	NA	NA	NA	NA	NA	NA	NA	NA	0.0116959064327485	NA	NA	NA	NA	NA	NA	NA	NA	NA	NA	NA	NA	NA	NA
15_10_4_1	NA	NA	NA	NA	NA	NA	NA	NA	NA	NA	NA	NA	NA	NA	NA	0.140350877192982	NA	NA	NA	NA	NA	NA	NA	NA	NA	NA	NA
15_11_3_1	NA	NA	NA	NA	NA	NA	NA	NA	NA	NA	NA	NA	NA	NA	NA	0.0482456140350877	NA	NA	NA	NA	NA	NA	NA	NA	NA	NA	NA
15_12_4_0	NA	NA	NA	NA	NA	NA	NA	NA	NA	NA	NA	NA	NA	NA	NA	0.00292397660818713	NA	NA	NA	NA	NA	NA	NA	NA	NA	NA	NA
15_6_8_0	NA	NA	NA	NA	NA	NA	NA	NA	NA	NA	NA	NA	NA	NA	NA	NA	0.00146198830409357	NA	NA	NA	NA	NA	NA	NA	NA	NA	NA
15_8_6_0	NA	NA	NA	NA	NA	NA	NA	NA	NA	NA	NA	NA	NA	NA	NA	NA	0.0701754385964912	NA	NA	NA	NA	NA	NA	NA	NA	NA	NA
15_9_5_0	NA	NA	NA	NA	NA	NA	NA	NA	NA	NA	NA	NA	NA	NA	NA	NA	0.00584795321637427	NA	NA	NA	NA	NA	NA	NA	NA	NA	NA
15_14	NA	NA	NA	NA	NA	NA	NA	NA	NA	NA	NA	NA	NA	NA	NA	NA	NA	NA	0.00146198830409357	NA	NA	NA	NA	NA	NA	NA	NA
15_15_1	NA	NA	NA	NA	NA	NA	NA	NA	NA	NA	NA	NA	NA	NA	NA	NA	NA	NA	NA	NA	NA	0.165204678362573	NA	NA	NA	NA	NA
15_13_1_1	NA	NA	NA	NA	NA	NA	NA	NA	NA	NA	NA	NA	NA	NA	NA	NA	NA	NA	NA	NA	NA	NA	0.00146198830409357	NA	NA	NA	NA
15_12	NA	NA	NA	NA	NA	NA	NA	NA	NA	NA	NA	NA	NA	NA	NA	NA	NA	NA	NA	NA	NA	NA	NA	NA	NA	NA	0.251461988304094
15.2_11_3	NA	NA	NA	NA	0.00146198830409357	NA	NA	NA	NA	NA	NA	NA	NA	NA	NA	NA	NA	NA	NA	NA	NA	NA	NA	NA	NA	NA	NA
15.2_15_0	NA	NA	NA	NA	NA	NA	NA	NA	NA	NA	NA	NA	NA	NA	NA	NA	NA	NA	NA	NA	NA	0.00146198830409357	NA	NA	NA	NA	NA
15.2_14_0_0	NA	NA	NA	NA	NA	NA	NA	NA	NA	NA	NA	NA	NA	NA	NA	NA	NA	NA	NA	NA	NA	NA	0.0614035087719298	NA	NA	NA	NA
15.3_10_1_0	0.0219298245614035	NA	NA	NA	NA	NA	NA	NA	NA	NA	NA	NA	NA	NA	NA	NA	NA	NA	NA	NA	NA	NA	NA	NA	NA	NA	NA
15.3_11_1_0	0.00730994152046784	NA	NA	NA	NA	NA	NA	NA	NA	NA	NA	NA	NA	NA	NA	NA	NA	NA	NA	NA	NA	NA	NA	NA	NA	NA	NA
16_15_0_0	0.00292397660818713	NA	NA	NA	NA	NA	NA	NA	NA	NA	NA	NA	NA	NA	NA	NA	NA	NA	NA	NA	NA	NA	NA	NA	NA	NA	NA
16_15_1_0	0.0921052631578947	NA	NA	NA	NA	NA	NA	NA	NA	NA	NA	NA	NA	NA	NA	NA	NA	NA	NA	NA	NA	NA	NA	NA	NA	NA	NA
16_16_0_0	0.0146198830409357	NA	NA	NA	NA	NA	NA	NA	NA	NA	NA	NA	NA	NA	NA	NA	NA	NA	NA	NA	NA	NA	NA	NA	NA	NA	NA
16_10_0_6	NA	NA	NA	0.0131578947368421	NA	NA	NA	NA	NA	NA	NA	NA	NA	NA	NA	NA	NA	NA	NA	NA	NA	NA	NA	NA	NA	NA	NA
16_11_0_5	NA	NA	NA	0.00584795321637427	NA	NA	NA	NA	NA	NA	NA	NA	NA	NA	NA	NA	NA	NA	NA	NA	NA	NA	NA	NA	NA	NA	NA
16_12_0_4	NA	NA	NA	0.0365497076023392	NA	NA	NA	NA	NA	NA	NA	NA	NA	NA	NA	NA	NA	NA	NA	NA	NA	NA	NA	NA	NA	NA	NA
16_12_3	NA	NA	NA	NA	0.0760233918128655	NA	NA	NA	NA	NA	NA	NA	NA	NA	NA	NA	NA	NA	NA	NA	NA	NA	NA	NA	NA	NA	NA
16_13_2	NA	NA	NA	NA	0.0891812865497076	NA	NA	NA	NA	NA	NA	NA	NA	NA	NA	NA	NA	NA	NA	NA	NA	NA	NA	NA	NA	NA	NA
16_14_1	NA	NA	NA	NA	0.153508771929825	NA	NA	NA	NA	NA	NA	NA	NA	NA	NA	NA	NA	NA	NA	NA	NA	NA	NA	NA	NA	NA	NA
16_10_1	NA	NA	NA	NA	NA	NA	NA	NA	NA	0.0160818713450292	NA	NA	NA	NA	NA	NA	NA	NA	NA	NA	NA	NA	NA	NA	NA	NA	NA
16_12_2_0	NA	NA	NA	NA	NA	NA	NA	NA	NA	NA	NA	0.0116959064327485	NA	NA	NA	NA	NA	NA	NA	NA	NA	NA	NA	NA	NA	NA	NA
16_13_1_0	NA	NA	NA	NA	NA	NA	NA	NA	NA	NA	NA	0.0467836257309941	NA	NA	NA	NA	NA	NA	NA	NA	NA	NA	NA	NA	NA	NA	NA
16_14_1_0	NA	NA	NA	NA	NA	NA	NA	NA	NA	NA	NA	0.00584795321637427	NA	NA	NA	NA	NA	NA	NA	NA	NA	NA	0.0043859649122807	NA	NA	NA	NA
16_14	NA	NA	NA	NA	NA	NA	NA	NA	NA	NA	NA	NA	0.00584795321637427	NA	NA	NA	NA	NA	0.00146198830409357	NA	NA	NA	NA	NA	NA	NA	NA
16_16	NA	NA	NA	NA	NA	NA	NA	NA	NA	NA	NA	NA	0.00146198830409357	0.087719298245614	NA	NA	NA	NA	0.033625730994152	NA	NA	NA	NA	0.0409356725146199	NA	NA	NA
16_11_4_1	NA	NA	NA	NA	NA	NA	NA	NA	NA	NA	NA	NA	NA	NA	NA	0.190058479532164	NA	NA	NA	NA	NA	NA	NA	NA	NA	NA	NA
16_12_3_1	NA	NA	NA	NA	NA	NA	NA	NA	NA	NA	NA	NA	NA	NA	NA	0.0599415204678363	NA	NA	NA	NA	NA	NA	NA	NA	NA	NA	NA
16_10_5_0	NA	NA	NA	NA	NA	NA	NA	NA	NA	NA	NA	NA	NA	NA	NA	NA	0.0263157894736842	NA	NA	NA	NA	NA	NA	NA	NA	NA	NA
16_8_7_0	NA	NA	NA	NA	NA	NA	NA	NA	NA	NA	NA	NA	NA	NA	NA	NA	0.0087719298245614	NA	NA	NA	NA	NA	NA	NA	NA	NA	NA
16_9_6_0	NA	NA	NA	NA	NA	NA	NA	NA	NA	NA	NA	NA	NA	NA	NA	NA	0.0321637426900585	NA	NA	NA	NA	NA	NA	NA	NA	NA	NA
16_15	NA	NA	NA	NA	NA	NA	NA	NA	NA	NA	NA	NA	NA	NA	NA	NA	NA	NA	0.00584795321637427	NA	NA	NA	NA	NA	NA	NA	NA
16_16_0	NA	NA	NA	NA	NA	NA	NA	NA	NA	NA	NA	NA	NA	NA	NA	NA	NA	NA	NA	NA	NA	0.00146198830409357	NA	NA	NA	NA	NA
16_16_1	NA	NA	NA	NA	NA	NA	NA	NA	NA	NA	NA	NA	NA	NA	NA	NA	NA	NA	NA	NA	NA	0.169590643274854	NA	NA	NA	NA	NA
16_13	NA	NA	NA	NA	NA	NA	NA	NA	NA	NA	NA	NA	NA	NA	NA	NA	NA	NA	NA	NA	NA	NA	NA	NA	NA	NA	0.191520467836257
16.2_9_3_0	NA	NA	NA	NA	NA	NA	0.00146198830409357	NA	NA	NA	NA	NA	NA	NA	NA	NA	NA	NA	NA	NA	NA	NA	NA	NA	NA	NA	NA
16.2_15_0_0	NA	NA	NA	NA	NA	NA	NA	NA	NA	NA	NA	NA	NA	NA	NA	NA	NA	NA	NA	NA	NA	NA	0.0263157894736842	NA	NA	NA	NA
16.3_11_1_0	0.100877192982456	NA	NA	NA	NA	NA	NA	NA	NA	NA	NA	NA	NA	NA	NA	NA	NA	NA	NA	NA	NA	NA	NA	NA	NA	NA	NA
16.3_12_1_0	0.00146198830409357	NA	NA	NA	NA	NA	NA	NA	NA	NA	NA	NA	NA	NA	NA	NA	NA	NA	NA	NA	NA	NA	NA	NA	NA	NA	NA
17_16_1_0	0.0263157894736842	NA	NA	NA	NA	NA	NA	NA	NA	NA	NA	NA	NA	NA	NA	NA	NA	NA	NA	NA	NA	NA	NA	NA	NA	NA	NA
17_17_0_0	0.00146198830409357	NA	NA	NA	NA	NA	NA	NA	NA	NA	NA	NA	NA	NA	NA	NA	NA	NA	NA	NA	NA	NA	NA	NA	NA	NA	NA
17_10_0_7	NA	NA	NA	0.00146198830409357	NA	NA	NA	NA	NA	NA	NA	NA	NA	NA	NA	NA	NA	NA	NA	NA	NA	NA	NA	NA	NA	NA	NA
17_11_0_6	NA	NA	NA	0.087719298245614	NA	NA	NA	NA	NA	NA	NA	NA	NA	NA	NA	NA	NA	NA	NA	NA	NA	NA	NA	NA	NA	NA	NA
17_12_0_5	NA	NA	NA	0.00292397660818713	NA	NA	NA	NA	NA	NA	NA	NA	NA	NA	NA	NA	NA	NA	NA	NA	NA	NA	NA	NA	NA	NA	NA
17_13_0_4	NA	NA	NA	0.0087719298245614	NA	NA	NA	NA	NA	NA	NA	NA	NA	NA	NA	NA	NA	NA	NA	NA	NA	NA	NA	NA	NA	NA	NA
17_12_4	NA	NA	NA	NA	0.00146198830409357	NA	NA	NA	NA	NA	NA	NA	NA	NA	NA	NA	NA	NA	NA	NA	NA	NA	NA	NA	NA	NA	NA
17_13_3	NA	NA	NA	NA	0.087719298245614	NA	NA	NA	NA	NA	NA	NA	NA	NA	NA	NA	NA	NA	NA	NA	NA	NA	NA	NA	NA	NA	NA
17_14_1	NA	NA	NA	NA	0.00146198830409357	NA	NA	NA	NA	NA	NA	NA	NA	NA	NA	NA	NA	NA	NA	NA	NA	NA	NA	NA	NA	NA	NA
17_14_2	NA	NA	NA	NA	0.0891812865497076	NA	NA	NA	NA	NA	NA	NA	NA	NA	NA	NA	NA	NA	NA	NA	NA	NA	NA	NA	NA	NA	NA
17_15_1	NA	NA	NA	NA	0.0321637426900585	NA	NA	NA	NA	NA	NA	NA	NA	NA	NA	NA	NA	NA	NA	NA	NA	NA	NA	NA	NA	NA	NA
17_11_1	NA	NA	NA	NA	NA	NA	NA	NA	NA	0.0555555555555556	NA	NA	NA	NA	NA	NA	NA	NA	NA	NA	NA	NA	NA	NA	NA	NA	NA
17_8_1	NA	NA	NA	NA	NA	NA	NA	NA	NA	0.00146198830409357	NA	NA	NA	NA	NA	NA	NA	NA	NA	NA	NA	NA	NA	NA	NA	NA	NA
17_14_1_0	NA	NA	NA	NA	NA	NA	NA	NA	NA	NA	NA	0.0043859649122807	NA	NA	NA	NA	NA	NA	NA	NA	NA	NA	NA	NA	NA	NA	NA
17_15	NA	NA	NA	NA	NA	NA	NA	NA	NA	NA	NA	NA	0.00146198830409357	NA	NA	NA	NA	NA	NA	NA	NA	NA	NA	NA	NA	NA	NA
17_17	NA	NA	NA	NA	NA	NA	NA	NA	NA	NA	NA	NA	NA	0.0248538011695906	NA	NA	NA	NA	0.0394736842105263	NA	NA	NA	NA	NA	NA	0.00146198830409357	NA
17_11_5_1	NA	NA	NA	NA	NA	NA	NA	NA	NA	NA	NA	NA	NA	NA	NA	0.0043859649122807	NA	NA	NA	NA	NA	NA	NA	NA	NA	NA	NA
17_12_4_1	NA	NA	NA	NA	NA	NA	NA	NA	NA	NA	NA	NA	NA	NA	NA	0.195906432748538	NA	NA	NA	NA	NA	NA	NA	NA	NA	NA	NA
17_13_3_1	NA	NA	NA	NA	NA	NA	NA	NA	NA	NA	NA	NA	NA	NA	NA	0.0350877192982456	NA	NA	NA	NA	NA	NA	NA	NA	NA	NA	NA
17_10_6_0	NA	NA	NA	NA	NA	NA	NA	NA	NA	NA	NA	NA	NA	NA	NA	NA	0.0833333333333333	NA	NA	NA	NA	NA	NA	NA	NA	NA	NA
17_11_5_0	NA	NA	NA	NA	NA	NA	NA	NA	NA	NA	NA	NA	NA	NA	NA	NA	0.0599415204678363	NA	NA	NA	NA	NA	NA	NA	NA	NA	NA
17_12_4_0	NA	NA	NA	NA	NA	NA	NA	NA	NA	NA	NA	NA	NA	NA	NA	NA	0.00146198830409357	NA	NA	NA	NA	NA	NA	NA	NA	NA	NA
17_9_7_0	NA	NA	NA	NA	NA	NA	NA	NA	NA	NA	NA	NA	NA	NA	NA	NA	0.0219298245614035	NA	NA	NA	NA	NA	NA	NA	NA	NA	NA
17_16	NA	NA	NA	NA	NA	NA	NA	NA	NA	NA	NA	NA	NA	NA	NA	NA	NA	NA	0.0043859649122807	NA	NA	NA	NA	NA	NA	NA	NA
17_17_1	NA	NA	NA	NA	NA	NA	NA	NA	NA	NA	NA	NA	NA	NA	NA	NA	NA	NA	NA	NA	NA	0.152046783625731	NA	NA	NA	NA	NA
17_14	NA	NA	NA	NA	NA	NA	NA	NA	NA	NA	NA	NA	NA	NA	NA	NA	NA	NA	NA	NA	NA	NA	NA	NA	NA	NA	0.20906432748538
17.1_9_6_0	NA	NA	NA	NA	NA	NA	NA	NA	NA	NA	NA	NA	NA	NA	NA	NA	0.0043859649122807	NA	NA	NA	NA	NA	NA	NA	NA	NA	NA
17.2_10_3_0	NA	NA	NA	NA	NA	NA	0.00146198830409357	NA	NA	NA	NA	NA	NA	NA	NA	NA	NA	NA	NA	NA	NA	NA	NA	NA	NA	NA	NA
17.2_15_0_0	NA	NA	NA	NA	NA	NA	NA	NA	NA	NA	NA	NA	NA	NA	NA	NA	NA	NA	NA	NA	NA	NA	0.00146198830409357	NA	NA	NA	NA
17.2_16_0_0	NA	NA	NA	NA	NA	NA	NA	NA	NA	NA	NA	NA	NA	NA	NA	NA	NA	NA	NA	NA	NA	NA	0.00730994152046784	NA	NA	NA	NA
17.3_12_1_0	0.0482456140350877	NA	NA	NA	NA	NA	NA	NA	NA	NA	NA	NA	NA	NA	NA	NA	NA	NA	NA	NA	NA	NA	NA	NA	NA	NA	NA
17.3_12_1_1	0.00146198830409357	NA	NA	NA	NA	NA	NA	NA	NA	NA	NA	NA	NA	NA	NA	NA	NA	NA	NA	NA	NA	NA	NA	NA	NA	NA	NA
17.3_8_7_0	NA	NA	NA	NA	NA	NA	NA	NA	NA	NA	NA	NA	NA	NA	NA	NA	0.0043859649122807	NA	NA	NA	NA	NA	NA	NA	NA	NA	NA
18_17_1_0	0.00292397660818713	NA	NA	NA	NA	NA	NA	NA	NA	NA	NA	NA	NA	NA	NA	NA	NA	NA	NA	NA	NA	NA	NA	NA	NA	NA	NA
18_11_0_7	NA	NA	NA	0.00730994152046784	NA	NA	NA	NA	NA	NA	NA	NA	NA	NA	NA	NA	NA	NA	NA	NA	NA	NA	NA	NA	NA	NA	NA
18_12_0_6	NA	NA	NA	0.0233918128654971	NA	NA	NA	NA	NA	NA	NA	NA	NA	NA	NA	NA	NA	NA	NA	NA	NA	NA	NA	NA	NA	NA	NA
18_13_0_5	NA	NA	NA	0.0043859649122807	NA	NA	NA	NA	NA	NA	NA	NA	NA	NA	NA	NA	NA	NA	NA	NA	NA	NA	NA	NA	NA	NA	NA
18_14_0_4	NA	NA	NA	0.00584795321637427	NA	NA	NA	NA	NA	NA	NA	NA	NA	NA	NA	NA	NA	NA	NA	NA	NA	NA	NA	NA	NA	NA	NA
18_15_0_3	NA	NA	NA	0.00146198830409357	NA	NA	NA	NA	NA	NA	NA	NA	NA	NA	NA	NA	NA	NA	NA	NA	NA	NA	NA	NA	NA	NA	NA
18_14_3	NA	NA	NA	NA	0.0453216374269006	NA	NA	NA	NA	NA	NA	NA	NA	NA	NA	NA	NA	NA	NA	NA	NA	NA	NA	NA	NA	NA	NA
18_15_2	NA	NA	NA	NA	0.0087719298245614	NA	NA	NA	NA	NA	NA	NA	NA	NA	NA	NA	NA	NA	NA	NA	NA	NA	NA	NA	NA	NA	NA
18_16_1	NA	NA	NA	NA	0.00292397660818713	NA	NA	NA	NA	NA	NA	NA	NA	NA	NA	NA	NA	NA	NA	NA	NA	NA	NA	NA	NA	NA	NA
18_10_3_0	NA	NA	NA	NA	NA	NA	0.00146198830409357	NA	NA	NA	NA	NA	NA	NA	NA	NA	NA	NA	NA	NA	NA	NA	NA	NA	NA	NA	NA
18_12_1	NA	NA	NA	NA	NA	NA	NA	NA	NA	0.108187134502924	NA	NA	NA	NA	NA	NA	NA	NA	NA	NA	NA	NA	NA	NA	NA	NA	NA
18_14_2_0	NA	NA	NA	NA	NA	NA	NA	NA	NA	NA	NA	0.00146198830409357	NA	NA	NA	NA	NA	NA	NA	NA	NA	NA	NA	NA	NA	NA	NA
18_15_1_0	NA	NA	NA	NA	NA	NA	NA	NA	NA	NA	NA	0.00146198830409357	NA	NA	NA	NA	NA	NA	NA	NA	NA	NA	NA	NA	NA	NA	NA
18_18	NA	NA	NA	NA	NA	NA	NA	NA	NA	NA	NA	NA	NA	0.00146198830409357	NA	NA	NA	NA	0.0160818713450292	NA	NA	NA	NA	NA	NA	NA	NA
18_11_6_1	NA	NA	NA	NA	NA	NA	NA	NA	NA	NA	NA	NA	NA	NA	NA	0.00730994152046784	NA	NA	NA	NA	NA	NA	NA	NA	NA	NA	NA
18_12_5_1	NA	NA	NA	NA	NA	NA	NA	NA	NA	NA	NA	NA	NA	NA	NA	0.00146198830409357	NA	NA	NA	NA	NA	NA	NA	NA	NA	NA	NA
18_13_4_1	NA	NA	NA	NA	NA	NA	NA	NA	NA	NA	NA	NA	NA	NA	NA	0.130116959064327	NA	NA	NA	NA	NA	NA	NA	NA	NA	NA	NA
18_14_3_1	NA	NA	NA	NA	NA	NA	NA	NA	NA	NA	NA	NA	NA	NA	NA	0.010233918128655	NA	NA	NA	NA	NA	NA	NA	NA	NA	NA	NA
18_10_7_0	NA	NA	NA	NA	NA	NA	NA	NA	NA	NA	NA	NA	NA	NA	NA	NA	0.0292397660818713	NA	NA	NA	NA	NA	NA	NA	NA	NA	NA
18_10_8_0	NA	NA	NA	NA	NA	NA	NA	NA	NA	NA	NA	NA	NA	NA	NA	NA	0.0043859649122807	NA	NA	NA	NA	NA	NA	NA	NA	NA	NA
18_11_6_0	NA	NA	NA	NA	NA	NA	NA	NA	NA	NA	NA	NA	NA	NA	NA	NA	0.184210526315789	NA	NA	NA	NA	NA	NA	NA	NA	NA	NA
18_11_7_0	NA	NA	NA	NA	NA	NA	NA	NA	NA	NA	NA	NA	NA	NA	NA	NA	0.00292397660818713	NA	NA	NA	NA	NA	NA	NA	NA	NA	NA
18_12_5_0	NA	NA	NA	NA	NA	NA	NA	NA	NA	NA	NA	NA	NA	NA	NA	NA	0.0307017543859649	NA	NA	NA	NA	NA	NA	NA	NA	NA	NA
18_9_8_0	NA	NA	NA	NA	NA	NA	NA	NA	NA	NA	NA	NA	NA	NA	NA	NA	0.00146198830409357	NA	NA	NA	NA	NA	NA	NA	NA	NA	NA
18_18_1	NA	NA	NA	NA	NA	NA	NA	NA	NA	NA	NA	NA	NA	NA	NA	NA	NA	NA	NA	NA	NA	0.121345029239766	NA	NA	NA	NA	NA
18_15	NA	NA	NA	NA	NA	NA	NA	NA	NA	NA	NA	NA	NA	NA	NA	NA	NA	NA	NA	NA	NA	NA	NA	NA	NA	NA	0.0146198830409357
18.1_10_6_0	NA	NA	NA	NA	NA	NA	NA	NA	NA	NA	NA	NA	NA	NA	NA	NA	0.00146198830409357	NA	NA	NA	NA	NA	NA	NA	NA	NA	NA
18.2_11_3_0	NA	NA	NA	NA	NA	NA	0.0175438596491228	NA	NA	NA	NA	NA	NA	NA	NA	NA	NA	NA	NA	NA	NA	NA	NA	NA	NA	NA	NA
18.2_17_0_0	NA	NA	NA	NA	NA	NA	NA	NA	NA	NA	NA	NA	NA	NA	NA	NA	NA	NA	NA	NA	NA	NA	0.00292397660818713	NA	NA	NA	NA
18.3_13_1_0	0.0233918128654971	NA	NA	NA	NA	NA	NA	NA	NA	NA	NA	NA	NA	NA	NA	NA	NA	NA	NA	NA	NA	NA	NA	NA	NA	NA	NA
18.3_11_1	NA	NA	NA	NA	NA	NA	NA	NA	NA	0.00146198830409357	NA	NA	NA	NA	NA	NA	NA	NA	NA	NA	NA	NA	NA	NA	NA	NA	NA
18.3_9_7_0	NA	NA	NA	NA	NA	NA	NA	NA	NA	NA	NA	NA	NA	NA	NA	NA	0.0043859649122807	NA	NA	NA	NA	NA	NA	NA	NA	NA	NA
19_10_1_6	NA	NA	NA	0.00146198830409357	NA	NA	NA	NA	NA	NA	NA	NA	NA	NA	NA	NA	NA	NA	NA	NA	NA	NA	NA	NA	NA	NA	NA
19_11_0_8	NA	NA	NA	0.00292397660818713	NA	NA	NA	NA	NA	NA	NA	NA	NA	NA	NA	NA	NA	NA	NA	NA	NA	NA	NA	NA	NA	NA	NA
19_12_0_7	NA	NA	NA	0.0745614035087719	NA	NA	NA	NA	NA	NA	NA	NA	NA	NA	NA	NA	NA	NA	NA	NA	NA	NA	NA	NA	NA	NA	NA
19_13_0_6	NA	NA	NA	0.0526315789473684	NA	NA	NA	NA	NA	NA	NA	NA	NA	NA	NA	NA	NA	NA	NA	NA	NA	NA	NA	NA	NA	NA	NA
19_14_0_5	NA	NA	NA	0.00584795321637427	NA	NA	NA	NA	NA	NA	NA	NA	NA	NA	NA	NA	NA	NA	NA	NA	NA	NA	NA	NA	NA	NA	NA
19_16_0_3	NA	NA	NA	0.00146198830409357	NA	NA	NA	NA	NA	NA	NA	NA	NA	NA	NA	NA	NA	NA	NA	NA	NA	NA	NA	NA	NA	NA	NA
19_15_3	NA	NA	NA	NA	0.0043859649122807	NA	NA	NA	NA	NA	NA	NA	NA	NA	NA	NA	NA	NA	NA	NA	NA	NA	NA	NA	NA	NA	NA
19_11_3_0	NA	NA	NA	NA	NA	NA	0.0511695906432749	NA	NA	NA	NA	NA	NA	NA	NA	NA	NA	NA	NA	NA	NA	NA	NA	NA	NA	NA	NA
19_13_1	NA	NA	NA	NA	NA	NA	NA	NA	NA	0.112573099415205	NA	NA	NA	NA	NA	NA	NA	NA	NA	NA	NA	NA	NA	NA	NA	NA	NA
19_12_6_1	NA	NA	NA	NA	NA	NA	NA	NA	NA	NA	NA	NA	NA	NA	NA	0.010233918128655	NA	NA	NA	NA	NA	NA	NA	NA	NA	NA	NA
19_13_5_1	NA	NA	NA	NA	NA	NA	NA	NA	NA	NA	NA	NA	NA	NA	NA	0.00584795321637427	NA	NA	NA	NA	NA	NA	NA	NA	NA	NA	NA
19_14_4_1	NA	NA	NA	NA	NA	NA	NA	NA	NA	NA	NA	NA	NA	NA	NA	0.043859649122807	NA	NA	NA	NA	NA	NA	NA	NA	NA	NA	NA
19_15_3_1	NA	NA	NA	NA	NA	NA	NA	NA	NA	NA	NA	NA	NA	NA	NA	0.00292397660818713	NA	NA	NA	NA	NA	NA	NA	NA	NA	NA	NA
19_10_8_0	NA	NA	NA	NA	NA	NA	NA	NA	NA	NA	NA	NA	NA	NA	NA	NA	0.00584795321637427	NA	NA	NA	NA	NA	NA	NA	NA	NA	NA
19_11_7_0	NA	NA	NA	NA	NA	NA	NA	NA	NA	NA	NA	NA	NA	NA	NA	NA	0.0233918128654971	NA	NA	NA	NA	NA	NA	NA	NA	NA	NA
19_11_8_0	NA	NA	NA	NA	NA	NA	NA	NA	NA	NA	NA	NA	NA	NA	NA	NA	0.00730994152046784	NA	NA	NA	NA	NA	NA	NA	NA	NA	NA
19_12_6_0	NA	NA	NA	NA	NA	NA	NA	NA	NA	NA	NA	NA	NA	NA	NA	NA	0.100877192982456	NA	NA	NA	NA	NA	NA	NA	NA	NA	NA
19_12_7_0	NA	NA	NA	NA	NA	NA	NA	NA	NA	NA	NA	NA	NA	NA	NA	NA	0.00146198830409357	NA	NA	NA	NA	NA	NA	NA	NA	NA	NA
19_13_5_0	NA	NA	NA	NA	NA	NA	NA	NA	NA	NA	NA	NA	NA	NA	NA	NA	0.00730994152046784	NA	NA	NA	NA	NA	NA	NA	NA	NA	NA
19_13_6_0	NA	NA	NA	NA	NA	NA	NA	NA	NA	NA	NA	NA	NA	NA	NA	NA	0.00146198830409357	NA	NA	NA	NA	NA	NA	NA	NA	NA	NA
19_19	NA	NA	NA	NA	NA	NA	NA	NA	NA	NA	NA	NA	NA	NA	NA	NA	NA	NA	0.00730994152046784	NA	NA	NA	NA	NA	NA	NA	NA
19_19_1	NA	NA	NA	NA	NA	NA	NA	NA	NA	NA	NA	NA	NA	NA	NA	NA	NA	NA	NA	NA	NA	0.0994152046783626	NA	NA	NA	NA	NA
19_16	NA	NA	NA	NA	NA	NA	NA	NA	NA	NA	NA	NA	NA	NA	NA	NA	NA	NA	NA	NA	NA	NA	NA	NA	NA	NA	0.00584795321637427
19.1_11_6_0	NA	NA	NA	NA	NA	NA	NA	NA	NA	NA	NA	NA	NA	NA	NA	NA	0.0087719298245614	NA	NA	NA	NA	NA	NA	NA	NA	NA	NA
19.2_12_3_0	NA	NA	NA	NA	NA	NA	0.00292397660818713	NA	NA	NA	NA	NA	NA	NA	NA	NA	NA	NA	NA	NA	NA	NA	NA	NA	NA	NA	NA
19.3_14_1_0	0.00730994152046784	NA	NA	NA	NA	NA	NA	NA	NA	NA	NA	NA	NA	NA	NA	NA	NA	NA	NA	NA	NA	NA	NA	NA	NA	NA	NA
19.3_11_1	NA	NA	NA	NA	NA	NA	NA	NA	NA	0.00146198830409357	NA	NA	NA	NA	NA	NA	NA	NA	NA	NA	NA	NA	NA	NA	NA	NA	NA
19.3_10_7_0	NA	NA	NA	NA	NA	NA	NA	NA	NA	NA	NA	NA	NA	NA	NA	NA	0.0043859649122807	NA	NA	NA	NA	NA	NA	NA	NA	NA	NA
20_10_1_7	NA	NA	NA	0.00730994152046784	NA	NA	NA	NA	NA	NA	NA	NA	NA	NA	NA	NA	NA	NA	NA	NA	NA	NA	NA	NA	NA	NA	NA
20_11_1_6	NA	NA	NA	0.00146198830409357	NA	NA	NA	NA	NA	NA	NA	NA	NA	NA	NA	NA	NA	NA	NA	NA	NA	NA	NA	NA	NA	NA	NA
20_12_0_8	NA	NA	NA	0.0087719298245614	NA	NA	NA	NA	NA	NA	NA	NA	NA	NA	NA	NA	NA	NA	NA	NA	NA	NA	NA	NA	NA	NA	NA
20_13_0_7	NA	NA	NA	0.0614035087719298	NA	NA	NA	NA	NA	NA	NA	NA	NA	NA	NA	NA	NA	NA	NA	NA	NA	NA	NA	NA	NA	NA	NA
20_14_0_6	NA	NA	NA	0.0190058479532164	NA	NA	NA	NA	NA	NA	NA	NA	NA	NA	NA	NA	NA	NA	NA	NA	NA	NA	NA	NA	NA	NA	NA
20_16_0_4	NA	NA	NA	0.00292397660818713	NA	NA	NA	NA	NA	NA	NA	NA	NA	NA	NA	NA	NA	NA	NA	NA	NA	NA	NA	NA	NA	NA	NA
20_16_0_5	NA	NA	NA	0.00146198830409357	NA	NA	NA	NA	NA	NA	NA	NA	NA	NA	NA	NA	NA	NA	NA	NA	NA	NA	NA	NA	NA	NA	NA
20_9_1_7	NA	NA	NA	0.00146198830409357	NA	NA	NA	NA	NA	NA	NA	NA	NA	NA	NA	NA	NA	NA	NA	NA	NA	NA	NA	NA	NA	NA	NA
20_12_3_0	NA	NA	NA	NA	NA	NA	0.054093567251462	NA	NA	NA	NA	NA	NA	NA	NA	NA	NA	NA	NA	NA	NA	NA	NA	NA	NA	NA	NA
20_13_2	NA	NA	NA	NA	NA	NA	NA	NA	NA	0.00146198830409357	NA	NA	NA	NA	NA	NA	NA	NA	NA	NA	NA	NA	NA	NA	NA	NA	NA
20_14_1	NA	NA	NA	NA	NA	NA	NA	NA	NA	0.0701754385964912	NA	NA	NA	NA	NA	NA	NA	NA	NA	NA	NA	NA	NA	NA	NA	NA	NA
20_13_6_1	NA	NA	NA	NA	NA	NA	NA	NA	NA	NA	NA	NA	NA	NA	NA	0.00146198830409357	NA	NA	NA	NA	NA	NA	NA	NA	NA	NA	NA
20_14_5_1	NA	NA	NA	NA	NA	NA	NA	NA	NA	NA	NA	NA	NA	NA	NA	0.0043859649122807	NA	NA	NA	NA	NA	NA	NA	NA	NA	NA	NA
20_15_4_1	NA	NA	NA	NA	NA	NA	NA	NA	NA	NA	NA	NA	NA	NA	NA	0.010233918128655	NA	NA	NA	NA	NA	NA	NA	NA	NA	NA	NA
20_10_9_0	NA	NA	NA	NA	NA	NA	NA	NA	NA	NA	NA	NA	NA	NA	NA	NA	0.00292397660818713	NA	NA	NA	NA	NA	NA	NA	NA	NA	NA
20_11_8_0	NA	NA	NA	NA	NA	NA	NA	NA	NA	NA	NA	NA	NA	NA	NA	NA	0.00584795321637427	NA	NA	NA	NA	NA	NA	NA	NA	NA	NA
20_11_9_0	NA	NA	NA	NA	NA	NA	NA	NA	NA	NA	NA	NA	NA	NA	NA	NA	0.00292397660818713	NA	NA	NA	NA	NA	NA	NA	NA	NA	NA
20_12_7_0	NA	NA	NA	NA	NA	NA	NA	NA	NA	NA	NA	NA	NA	NA	NA	NA	0.0394736842105263	NA	NA	NA	NA	NA	NA	NA	NA	NA	NA
20_12_8_0	NA	NA	NA	NA	NA	NA	NA	NA	NA	NA	NA	NA	NA	NA	NA	NA	0.0116959064327485	NA	NA	NA	NA	NA	NA	NA	NA	NA	NA
20_13_6_0	NA	NA	NA	NA	NA	NA	NA	NA	NA	NA	NA	NA	NA	NA	NA	NA	0.0263157894736842	NA	NA	NA	NA	NA	NA	NA	NA	NA	NA
20_13_7_0	NA	NA	NA	NA	NA	NA	NA	NA	NA	NA	NA	NA	NA	NA	NA	NA	0.010233918128655	NA	NA	NA	NA	NA	NA	NA	NA	NA	NA
20_14_5_0	NA	NA	NA	NA	NA	NA	NA	NA	NA	NA	NA	NA	NA	NA	NA	NA	0.0043859649122807	NA	NA	NA	NA	NA	NA	NA	NA	NA	NA
20_20	NA	NA	NA	NA	NA	NA	NA	NA	NA	NA	NA	NA	NA	NA	NA	NA	NA	NA	0.0043859649122807	NA	NA	NA	NA	NA	NA	NA	NA
20_16_1	NA	NA	NA	NA	NA	NA	NA	NA	NA	NA	NA	NA	NA	NA	NA	NA	NA	NA	NA	NA	NA	0.00584795321637427	NA	NA	NA	NA	NA
20_20_0	NA	NA	NA	NA	NA	NA	NA	NA	NA	NA	NA	NA	NA	NA	NA	NA	NA	NA	NA	NA	NA	0.00146198830409357	NA	NA	NA	NA	NA
20_20_1	NA	NA	NA	NA	NA	NA	NA	NA	NA	NA	NA	NA	NA	NA	NA	NA	NA	NA	NA	NA	NA	0.0555555555555556	NA	NA	NA	NA	NA
20.1_12_6_0	NA	NA	NA	NA	NA	NA	NA	NA	NA	NA	NA	NA	NA	NA	NA	NA	0.00292397660818713	NA	NA	NA	NA	NA	NA	NA	NA	NA	NA
21_11_1_7	NA	NA	NA	0.0555555555555556	NA	NA	NA	NA	NA	NA	NA	NA	NA	NA	NA	NA	NA	NA	NA	NA	NA	NA	NA	NA	NA	NA	NA
21_12_1_6	NA	NA	NA	0.0190058479532164	NA	NA	NA	NA	NA	NA	NA	NA	NA	NA	NA	NA	NA	NA	NA	NA	NA	NA	NA	NA	NA	NA	NA
21_13_0_8	NA	NA	NA	0.0204678362573099	NA	NA	NA	NA	NA	NA	NA	NA	NA	NA	NA	NA	NA	NA	NA	NA	NA	NA	NA	NA	NA	NA	NA
21_14_0_7	NA	NA	NA	0.033625730994152	NA	NA	NA	NA	NA	NA	NA	NA	NA	NA	NA	NA	NA	NA	NA	NA	NA	NA	NA	NA	NA	NA	NA
21_15_0_6	NA	NA	NA	0.0043859649122807	NA	NA	NA	NA	NA	NA	NA	NA	NA	NA	NA	NA	NA	NA	NA	NA	NA	NA	NA	NA	NA	NA	NA
21_16_0_5	NA	NA	NA	0.00146198830409357	NA	NA	NA	NA	NA	NA	NA	NA	NA	NA	NA	NA	NA	NA	NA	NA	NA	NA	NA	NA	NA	NA	NA
21_17_0_4	NA	NA	NA	0.00146198830409357	NA	NA	NA	NA	NA	NA	NA	NA	NA	NA	NA	NA	NA	NA	NA	NA	NA	NA	NA	NA	NA	NA	NA
21_13_3_0	NA	NA	NA	NA	NA	NA	0.12280701754386	NA	NA	NA	NA	NA	NA	NA	NA	NA	NA	NA	NA	NA	NA	NA	NA	NA	NA	NA	NA
21_14_1	NA	NA	NA	NA	NA	NA	NA	NA	NA	0.00146198830409357	NA	NA	NA	NA	NA	NA	NA	NA	NA	NA	NA	NA	NA	NA	NA	NA	NA
21_15_1	NA	NA	NA	NA	NA	NA	NA	NA	NA	0.0160818713450292	NA	NA	NA	NA	NA	NA	NA	NA	NA	NA	NA	NA	NA	NA	NA	NA	NA
21_14_6_1	NA	NA	NA	NA	NA	NA	NA	NA	NA	NA	NA	NA	NA	NA	NA	0.00146198830409357	NA	NA	NA	NA	NA	NA	NA	NA	NA	NA	NA
21_11_10_0	NA	NA	NA	NA	NA	NA	NA	NA	NA	NA	NA	NA	NA	NA	NA	NA	0.00292397660818713	NA	NA	NA	NA	NA	NA	NA	NA	NA	NA
21_12_8_0	NA	NA	NA	NA	NA	NA	NA	NA	NA	NA	NA	NA	NA	NA	NA	NA	0.0131578947368421	NA	NA	NA	NA	NA	NA	NA	NA	NA	NA
21_12_9_0	NA	NA	NA	NA	NA	NA	NA	NA	NA	NA	NA	NA	NA	NA	NA	NA	0.0116959064327485	NA	NA	NA	NA	NA	NA	NA	NA	NA	NA
21_13_4_0	NA	NA	NA	NA	NA	NA	NA	NA	NA	NA	NA	NA	NA	NA	NA	NA	0.00146198830409357	NA	NA	NA	NA	NA	NA	NA	NA	NA	NA
21_13_7_0	NA	NA	NA	NA	NA	NA	NA	NA	NA	NA	NA	NA	NA	NA	NA	NA	0.0087719298245614	NA	NA	NA	NA	NA	NA	NA	NA	NA	NA
21_13_8_0	NA	NA	NA	NA	NA	NA	NA	NA	NA	NA	NA	NA	NA	NA	NA	NA	0.0175438596491228	NA	NA	NA	NA	NA	NA	NA	NA	NA	NA
21_14_6_0	NA	NA	NA	NA	NA	NA	NA	NA	NA	NA	NA	NA	NA	NA	NA	NA	0.00730994152046784	NA	NA	NA	NA	NA	NA	NA	NA	NA	NA
21_14_7_0	NA	NA	NA	NA	NA	NA	NA	NA	NA	NA	NA	NA	NA	NA	NA	NA	0.00146198830409357	NA	NA	NA	NA	NA	NA	NA	NA	NA	NA
21_21_1	NA	NA	NA	NA	NA	NA	NA	NA	NA	NA	NA	NA	NA	NA	NA	NA	NA	NA	NA	NA	NA	0.010233918128655	NA	NA	NA	NA	NA
21.2_20_1	NA	NA	NA	NA	NA	NA	NA	NA	NA	NA	NA	NA	NA	NA	NA	NA	NA	NA	NA	NA	NA	0.00146198830409357	NA	NA	NA	NA	NA
21.3_13_1	NA	NA	NA	NA	NA	NA	NA	NA	NA	0.00146198830409357	NA	NA	NA	NA	NA	NA	NA	NA	NA	NA	NA	NA	NA	NA	NA	NA	NA
22_12_1_7	NA	NA	NA	0.0555555555555556	NA	NA	NA	NA	NA	NA	NA	NA	NA	NA	NA	NA	NA	NA	NA	NA	NA	NA	NA	NA	NA	NA	NA
22_13_0_9	NA	NA	NA	0.0116959064327485	NA	NA	NA	NA	NA	NA	NA	NA	NA	NA	NA	NA	NA	NA	NA	NA	NA	NA	NA	NA	NA	NA	NA
22_13_1_6	NA	NA	NA	0.033625730994152	NA	NA	NA	NA	NA	NA	NA	NA	NA	NA	NA	NA	NA	NA	NA	NA	NA	NA	NA	NA	NA	NA	NA
22_14_0_8	NA	NA	NA	0.0131578947368421	NA	NA	NA	NA	NA	NA	NA	NA	NA	NA	NA	NA	NA	NA	NA	NA	NA	NA	NA	NA	NA	NA	NA
22_15_0_7	NA	NA	NA	0.0204678362573099	NA	NA	NA	NA	NA	NA	NA	NA	NA	NA	NA	NA	NA	NA	NA	NA	NA	NA	NA	NA	NA	NA	NA
22_16_0_6	NA	NA	NA	0.00292397660818713	NA	NA	NA	NA	NA	NA	NA	NA	NA	NA	NA	NA	NA	NA	NA	NA	NA	NA	NA	NA	NA	NA	NA
22_14_3_0	NA	NA	NA	NA	NA	NA	0.197368421052632	NA	NA	NA	NA	NA	NA	NA	NA	NA	NA	NA	NA	NA	NA	NA	NA	NA	NA	NA	NA
22_8_3_0	NA	NA	NA	NA	NA	NA	0.00146198830409357	NA	NA	NA	NA	NA	NA	NA	NA	NA	NA	NA	NA	NA	NA	NA	NA	NA	NA	NA	NA
22_12_10_0	NA	NA	NA	NA	NA	NA	NA	NA	NA	NA	NA	NA	NA	NA	NA	NA	0.00292397660818713	NA	NA	NA	NA	NA	NA	NA	NA	NA	NA
22_13_8_0	NA	NA	NA	NA	NA	NA	NA	NA	NA	NA	NA	NA	NA	NA	NA	NA	0.0190058479532164	NA	NA	NA	NA	NA	NA	NA	NA	NA	NA
22_13_9_0	NA	NA	NA	NA	NA	NA	NA	NA	NA	NA	NA	NA	NA	NA	NA	NA	0.00730994152046784	NA	NA	NA	NA	NA	NA	NA	NA	NA	NA
22_14_7_0	NA	NA	NA	NA	NA	NA	NA	NA	NA	NA	NA	NA	NA	NA	NA	NA	0.0043859649122807	NA	NA	NA	NA	NA	NA	NA	NA	NA	NA
22_14_8_0	NA	NA	NA	NA	NA	NA	NA	NA	NA	NA	NA	NA	NA	NA	NA	NA	0.00146198830409357	NA	NA	NA	NA	NA	NA	NA	NA	NA	NA
22_15_7_0	NA	NA	NA	NA	NA	NA	NA	NA	NA	NA	NA	NA	NA	NA	NA	NA	0.00146198830409357	NA	NA	NA	NA	NA	NA	NA	NA	NA	NA
22_22_1	NA	NA	NA	NA	NA	NA	NA	NA	NA	NA	NA	NA	NA	NA	NA	NA	NA	NA	NA	NA	NA	0.00730994152046784	NA	NA	NA	NA	NA
22.2_15_3_0	NA	NA	NA	NA	NA	NA	0.0043859649122807	NA	NA	NA	NA	NA	NA	NA	NA	NA	NA	NA	NA	NA	NA	NA	NA	NA	NA	NA	NA
22.3_13_3_0	NA	NA	NA	NA	NA	NA	0.00146198830409357	NA	NA	NA	NA	NA	NA	NA	NA	NA	NA	NA	NA	NA	NA	NA	NA	NA	NA	NA	NA
23_12_1_8	NA	NA	NA	0.00584795321637427	NA	NA	NA	NA	NA	NA	NA	NA	NA	NA	NA	NA	NA	NA	NA	NA	NA	NA	NA	NA	NA	NA	NA
23_13_1_7	NA	NA	NA	0.0555555555555556	NA	NA	NA	NA	NA	NA	NA	NA	NA	NA	NA	NA	NA	NA	NA	NA	NA	NA	NA	NA	NA	NA	NA
23_14_0_9	NA	NA	NA	0.00730994152046784	NA	NA	NA	NA	NA	NA	NA	NA	NA	NA	NA	NA	NA	NA	NA	NA	NA	NA	NA	NA	NA	NA	NA
23_14_1_6	NA	NA	NA	0.0233918128654971	NA	NA	NA	NA	NA	NA	NA	NA	NA	NA	NA	NA	NA	NA	NA	NA	NA	NA	NA	NA	NA	NA	NA
23_15_0_8	NA	NA	NA	0.00584795321637427	NA	NA	NA	NA	NA	NA	NA	NA	NA	NA	NA	NA	NA	NA	NA	NA	NA	NA	NA	NA	NA	NA	NA
23_16_0_7	NA	NA	NA	0.00584795321637427	NA	NA	NA	NA	NA	NA	NA	NA	NA	NA	NA	NA	NA	NA	NA	NA	NA	NA	NA	NA	NA	NA	NA
23_15_1_0	NA	NA	NA	NA	NA	NA	0.00146198830409357	NA	NA	NA	NA	NA	NA	NA	NA	NA	NA	NA	NA	NA	NA	NA	NA	NA	NA	NA	NA
23_15_3_0	NA	NA	NA	NA	NA	NA	0.166666666666667	NA	NA	NA	NA	NA	NA	NA	NA	NA	NA	NA	NA	NA	NA	NA	NA	NA	NA	NA	NA
23_9_3_0	NA	NA	NA	NA	NA	NA	0.00146198830409357	NA	NA	NA	NA	NA	NA	NA	NA	NA	NA	NA	NA	NA	NA	NA	NA	NA	NA	NA	NA
23_11_1	NA	NA	NA	NA	NA	NA	NA	NA	NA	0.010233918128655	NA	NA	NA	NA	NA	NA	NA	NA	NA	NA	NA	NA	NA	NA	NA	NA	NA
23_12_11_0	NA	NA	NA	NA	NA	NA	NA	NA	NA	NA	NA	NA	NA	NA	NA	NA	0.00146198830409357	NA	NA	NA	NA	NA	NA	NA	NA	NA	NA
23_13_10_0	NA	NA	NA	NA	NA	NA	NA	NA	NA	NA	NA	NA	NA	NA	NA	NA	0.00146198830409357	NA	NA	NA	NA	NA	NA	NA	NA	NA	NA
23_13_9_0	NA	NA	NA	NA	NA	NA	NA	NA	NA	NA	NA	NA	NA	NA	NA	NA	0.00146198830409357	NA	NA	NA	NA	NA	NA	NA	NA	NA	NA
23_14_8_0	NA	NA	NA	NA	NA	NA	NA	NA	NA	NA	NA	NA	NA	NA	NA	NA	0.0175438596491228	NA	NA	NA	NA	NA	NA	NA	NA	NA	NA
23_14_9_0	NA	NA	NA	NA	NA	NA	NA	NA	NA	NA	NA	NA	NA	NA	NA	NA	0.00584795321637427	NA	NA	NA	NA	NA	NA	NA	NA	NA	NA
23_15_8_0	NA	NA	NA	NA	NA	NA	NA	NA	NA	NA	NA	NA	NA	NA	NA	NA	0.00146198830409357	NA	NA	NA	NA	NA	NA	NA	NA	NA	NA
23_23_1	NA	NA	NA	NA	NA	NA	NA	NA	NA	NA	NA	NA	NA	NA	NA	NA	NA	NA	NA	NA	NA	0.0043859649122807	NA	NA	NA	NA	NA
23.2_16_3_0	NA	NA	NA	NA	NA	NA	0.00146198830409357	NA	NA	NA	NA	NA	NA	NA	NA	NA	NA	NA	NA	NA	NA	NA	NA	NA	NA	NA	NA
24_13_1_8	NA	NA	NA	0.00292397660818713	NA	NA	NA	NA	NA	NA	NA	NA	NA	NA	NA	NA	NA	NA	NA	NA	NA	NA	NA	NA	NA	NA	NA
24_14_1_7	NA	NA	NA	0.0701754385964912	NA	NA	NA	NA	NA	NA	NA	NA	NA	NA	NA	NA	NA	NA	NA	NA	NA	NA	NA	NA	NA	NA	NA
24_15_1_6	NA	NA	NA	0.010233918128655	NA	NA	NA	NA	NA	NA	NA	NA	NA	NA	NA	NA	NA	NA	NA	NA	NA	NA	NA	NA	NA	NA	NA
24_16_1_0	NA	NA	NA	NA	NA	NA	0.00292397660818713	NA	NA	NA	NA	NA	NA	NA	NA	NA	NA	NA	NA	NA	NA	NA	NA	NA	NA	NA	NA
24_16_3_0	NA	NA	NA	NA	NA	NA	0.130116959064327	NA	NA	NA	NA	NA	NA	NA	NA	NA	NA	NA	NA	NA	NA	NA	NA	NA	NA	NA	NA
24_11_1	NA	NA	NA	NA	NA	NA	NA	NA	NA	0.00292397660818713	NA	NA	NA	NA	NA	NA	NA	NA	NA	NA	NA	NA	NA	NA	NA	NA	NA
24_12_1	NA	NA	NA	NA	NA	NA	NA	NA	NA	0.00292397660818713	NA	NA	NA	NA	NA	NA	NA	NA	NA	NA	NA	NA	NA	NA	NA	NA	NA
24_13_11_0	NA	NA	NA	NA	NA	NA	NA	NA	NA	NA	NA	NA	NA	NA	NA	NA	0.00292397660818713	NA	NA	NA	NA	NA	NA	NA	NA	NA	NA
24_14_10_0	NA	NA	NA	NA	NA	NA	NA	NA	NA	NA	NA	NA	NA	NA	NA	NA	0.00292397660818713	NA	NA	NA	NA	NA	NA	NA	NA	NA	NA
24_14_9_0	NA	NA	NA	NA	NA	NA	NA	NA	NA	NA	NA	NA	NA	NA	NA	NA	0.00146198830409357	NA	NA	NA	NA	NA	NA	NA	NA	NA	NA
24_15_8_0	NA	NA	NA	NA	NA	NA	NA	NA	NA	NA	NA	NA	NA	NA	NA	NA	0.0043859649122807	NA	NA	NA	NA	NA	NA	NA	NA	NA	NA
24_15_9_0	NA	NA	NA	NA	NA	NA	NA	NA	NA	NA	NA	NA	NA	NA	NA	NA	0.00146198830409357	NA	NA	NA	NA	NA	NA	NA	NA	NA	NA
24_24_1	NA	NA	NA	NA	NA	NA	NA	NA	NA	NA	NA	NA	NA	NA	NA	NA	NA	NA	NA	NA	NA	0.00146198830409357	NA	NA	NA	NA	NA
25_14_1_8	NA	NA	NA	0.00584795321637427	NA	NA	NA	NA	NA	NA	NA	NA	NA	NA	NA	NA	NA	NA	NA	NA	NA	NA	NA	NA	NA	NA	NA
25_15_1_7	NA	NA	NA	0.0716374269005848	NA	NA	NA	NA	NA	NA	NA	NA	NA	NA	NA	NA	NA	NA	NA	NA	NA	NA	NA	NA	NA	NA	NA
25_15_3_0	NA	NA	NA	NA	NA	NA	0.00292397660818713	NA	NA	NA	NA	NA	NA	NA	NA	NA	NA	NA	NA	NA	NA	NA	NA	NA	NA	NA	NA
25_17_3_0	NA	NA	NA	NA	NA	NA	0.115497076023392	NA	NA	NA	NA	NA	NA	NA	NA	NA	NA	NA	NA	NA	NA	NA	NA	NA	NA	NA	NA
25_13_1	NA	NA	NA	NA	NA	NA	NA	NA	NA	0.00146198830409357	NA	NA	NA	NA	NA	NA	NA	NA	NA	NA	NA	NA	NA	NA	NA	NA	NA
25_15_9_0	NA	NA	NA	NA	NA	NA	NA	NA	NA	NA	NA	NA	NA	NA	NA	NA	0.00146198830409357	NA	NA	NA	NA	NA	NA	NA	NA	NA	NA
25_16_8_0	NA	NA	NA	NA	NA	NA	NA	NA	NA	NA	NA	NA	NA	NA	NA	NA	0.0043859649122807	NA	NA	NA	NA	NA	NA	NA	NA	NA	NA
25_16_9_0	NA	NA	NA	NA	NA	NA	NA	NA	NA	NA	NA	NA	NA	NA	NA	NA	0.00292397660818713	NA	NA	NA	NA	NA	NA	NA	NA	NA	NA
25_25	NA	NA	NA	NA	NA	NA	NA	NA	NA	NA	NA	NA	NA	NA	NA	NA	NA	NA	0.00146198830409357	NA	NA	NA	NA	NA	NA	NA	NA
25.2_18_3_0	NA	NA	NA	NA	NA	NA	0.00146198830409357	NA	NA	NA	NA	NA	NA	NA	NA	NA	NA	NA	NA	NA	NA	NA	NA	NA	NA	NA	NA
26_15_1_8	NA	NA	NA	0.00292397660818713	NA	NA	NA	NA	NA	NA	NA	NA	NA	NA	NA	NA	NA	NA	NA	NA	NA	NA	NA	NA	NA	NA	NA
26_16_1_7	NA	NA	NA	0.0116959064327485	NA	NA	NA	NA	NA	NA	NA	NA	NA	NA	NA	NA	NA	NA	NA	NA	NA	NA	NA	NA	NA	NA	NA
26_12_3_0	NA	NA	NA	NA	NA	NA	0.0175438596491228	NA	NA	NA	NA	NA	NA	NA	NA	NA	NA	NA	NA	NA	NA	NA	NA	NA	NA	NA	NA
26_18_3_0	NA	NA	NA	NA	NA	NA	0.0526315789473684	NA	NA	NA	NA	NA	NA	NA	NA	NA	NA	NA	NA	NA	NA	NA	NA	NA	NA	NA	NA
26_14_1	NA	NA	NA	NA	NA	NA	NA	NA	NA	0.00146198830409357	NA	NA	NA	NA	NA	NA	NA	NA	NA	NA	NA	NA	NA	NA	NA	NA	NA
26_8_4_6	NA	NA	NA	NA	NA	NA	NA	NA	NA	NA	NA	NA	NA	NA	NA	NA	NA	NA	NA	NA	NA	NA	NA	NA	0.00146198830409357	NA	NA
27_16_1_8	NA	NA	NA	0.00146198830409357	NA	NA	NA	NA	NA	NA	NA	NA	NA	NA	NA	NA	NA	NA	NA	NA	NA	NA	NA	NA	NA	NA	NA
27_17_1_7	NA	NA	NA	0.00292397660818713	NA	NA	NA	NA	NA	NA	NA	NA	NA	NA	NA	NA	NA	NA	NA	NA	NA	NA	NA	NA	NA	NA	NA
27_13_3_0	NA	NA	NA	NA	NA	NA	0.0204678362573099	NA	NA	NA	NA	NA	NA	NA	NA	NA	NA	NA	NA	NA	NA	NA	NA	NA	NA	NA	NA
27_19_3_0	NA	NA	NA	NA	NA	NA	0.00292397660818713	NA	NA	NA	NA	NA	NA	NA	NA	NA	NA	NA	NA	NA	NA	NA	NA	NA	NA	NA	NA
27_10_4_6	NA	NA	NA	NA	NA	NA	NA	NA	NA	NA	NA	NA	NA	NA	NA	NA	NA	NA	NA	NA	NA	NA	NA	NA	0.00146198830409357	NA	NA
27_8_6_5	NA	NA	NA	NA	NA	NA	NA	NA	NA	NA	NA	NA	NA	NA	NA	NA	NA	NA	NA	NA	NA	NA	NA	NA	0.00146198830409357	NA	NA
27_9_4_6	NA	NA	NA	NA	NA	NA	NA	NA	NA	NA	NA	NA	NA	NA	NA	NA	NA	NA	NA	NA	NA	NA	NA	NA	0.0307017543859649	NA	NA
27_9_5_5	NA	NA	NA	NA	NA	NA	NA	NA	NA	NA	NA	NA	NA	NA	NA	NA	NA	NA	NA	NA	NA	NA	NA	NA	0.0409356725146199	NA	NA
28_14_3_0	NA	NA	NA	NA	NA	NA	0.0146198830409357	NA	NA	NA	NA	NA	NA	NA	NA	NA	NA	NA	NA	NA	NA	NA	NA	NA	NA	NA	NA
28_10_4_6	NA	NA	NA	NA	NA	NA	NA	NA	NA	NA	NA	NA	NA	NA	NA	NA	NA	NA	NA	NA	NA	NA	NA	NA	0.225146198830409	NA	NA
28_10_5_5	NA	NA	NA	NA	NA	NA	NA	NA	NA	NA	NA	NA	NA	NA	NA	NA	NA	NA	NA	NA	NA	NA	NA	NA	0.00146198830409357	NA	NA
28_10_5_6	NA	NA	NA	NA	NA	NA	NA	NA	NA	NA	NA	NA	NA	NA	NA	NA	NA	NA	NA	NA	NA	NA	NA	NA	0.00146198830409357	NA	NA
28_9_5_6	NA	NA	NA	NA	NA	NA	NA	NA	NA	NA	NA	NA	NA	NA	NA	NA	NA	NA	NA	NA	NA	NA	NA	NA	0.0175438596491228	NA	NA
29_15_3_0	NA	NA	NA	NA	NA	NA	0.00584795321637427	NA	NA	NA	NA	NA	NA	NA	NA	NA	NA	NA	NA	NA	NA	NA	NA	NA	NA	NA	NA
29_10_4_7	NA	NA	NA	NA	NA	NA	NA	NA	NA	NA	NA	NA	NA	NA	NA	NA	NA	NA	NA	NA	NA	NA	NA	NA	0.0350877192982456	NA	NA
29_10_5_6	NA	NA	NA	NA	NA	NA	NA	NA	NA	NA	NA	NA	NA	NA	NA	NA	NA	NA	NA	NA	NA	NA	NA	NA	0.0482456140350877	NA	NA
29_10_6_5	NA	NA	NA	NA	NA	NA	NA	NA	NA	NA	NA	NA	NA	NA	NA	NA	NA	NA	NA	NA	NA	NA	NA	NA	0.0087719298245614	NA	NA
29_10_6_6	NA	NA	NA	NA	NA	NA	NA	NA	NA	NA	NA	NA	NA	NA	NA	NA	NA	NA	NA	NA	NA	NA	NA	NA	0.00146198830409357	NA	NA
29_11_4_6	NA	NA	NA	NA	NA	NA	NA	NA	NA	NA	NA	NA	NA	NA	NA	NA	NA	NA	NA	NA	NA	NA	NA	NA	0.105263157894737	NA	NA
29_11_5_5	NA	NA	NA	NA	NA	NA	NA	NA	NA	NA	NA	NA	NA	NA	NA	NA	NA	NA	NA	NA	NA	NA	NA	NA	0.0043859649122807	NA	NA
29_9_6_6	NA	NA	NA	NA	NA	NA	NA	NA	NA	NA	NA	NA	NA	NA	NA	NA	NA	NA	NA	NA	NA	NA	NA	NA	0.00146198830409357	NA	NA
29.3_7_5_6	NA	NA	NA	NA	NA	NA	NA	NA	NA	NA	NA	NA	NA	NA	NA	NA	NA	NA	NA	NA	NA	NA	NA	NA	0.00146198830409357	NA	NA
30_16_3_0	NA	NA	NA	NA	NA	NA	0.00146198830409357	NA	NA	NA	NA	NA	NA	NA	NA	NA	NA	NA	NA	NA	NA	NA	NA	NA	NA	NA	NA
30_10_6_6	NA	NA	NA	NA	NA	NA	NA	NA	NA	NA	NA	NA	NA	NA	NA	NA	NA	NA	NA	NA	NA	NA	NA	NA	0.010233918128655	NA	NA
30_11_4_7	NA	NA	NA	NA	NA	NA	NA	NA	NA	NA	NA	NA	NA	NA	NA	NA	NA	NA	NA	NA	NA	NA	NA	NA	0.0043859649122807	NA	NA
30_11_5_6	NA	NA	NA	NA	NA	NA	NA	NA	NA	NA	NA	NA	NA	NA	NA	NA	NA	NA	NA	NA	NA	NA	NA	NA	0.0818713450292398	NA	NA
30_11_6_5	NA	NA	NA	NA	NA	NA	NA	NA	NA	NA	NA	NA	NA	NA	NA	NA	NA	NA	NA	NA	NA	NA	NA	NA	0.0307017543859649	NA	NA
30_12_4_6	NA	NA	NA	NA	NA	NA	NA	NA	NA	NA	NA	NA	NA	NA	NA	NA	NA	NA	NA	NA	NA	NA	NA	NA	0.0409356725146199	NA	NA
30_9_7_6	NA	NA	NA	NA	NA	NA	NA	NA	NA	NA	NA	NA	NA	NA	NA	NA	NA	NA	NA	NA	NA	NA	NA	NA	0.00146198830409357	NA	NA
30.2_14_4_3	NA	NA	NA	NA	NA	NA	0.00146198830409357	NA	NA	NA	NA	NA	NA	NA	NA	NA	NA	NA	NA	NA	NA	NA	NA	NA	NA	NA	NA
30.2_10_5_6	NA	NA	NA	NA	NA	NA	NA	NA	NA	NA	NA	NA	NA	NA	NA	NA	NA	NA	NA	NA	NA	NA	NA	NA	0.010233918128655	NA	NA
30.2_11_5_6	NA	NA	NA	NA	NA	NA	NA	NA	NA	NA	NA	NA	NA	NA	NA	NA	NA	NA	NA	NA	NA	NA	NA	NA	0.00730994152046784	NA	NA
31_10_7_6	NA	NA	NA	NA	NA	NA	NA	NA	NA	NA	NA	NA	NA	NA	NA	NA	NA	NA	NA	NA	NA	NA	NA	NA	0.0131578947368421	NA	NA
31_11_6_6	NA	NA	NA	NA	NA	NA	NA	NA	NA	NA	NA	NA	NA	NA	NA	NA	NA	NA	NA	NA	NA	NA	NA	NA	0.0160818713450292	NA	NA
31_11_7_5	NA	NA	NA	NA	NA	NA	NA	NA	NA	NA	NA	NA	NA	NA	NA	NA	NA	NA	NA	NA	NA	NA	NA	NA	0.00292397660818713	NA	NA
31_12_4_7	NA	NA	NA	NA	NA	NA	NA	NA	NA	NA	NA	NA	NA	NA	NA	NA	NA	NA	NA	NA	NA	NA	NA	NA	0.00146198830409357	NA	NA
31_12_5_6	NA	NA	NA	NA	NA	NA	NA	NA	NA	NA	NA	NA	NA	NA	NA	NA	NA	NA	NA	NA	NA	NA	NA	NA	0.0350877192982456	NA	NA
31_12_6_5	NA	NA	NA	NA	NA	NA	NA	NA	NA	NA	NA	NA	NA	NA	NA	NA	NA	NA	NA	NA	NA	NA	NA	NA	0.0043859649122807	NA	NA
31_13_4_6	NA	NA	NA	NA	NA	NA	NA	NA	NA	NA	NA	NA	NA	NA	NA	NA	NA	NA	NA	NA	NA	NA	NA	NA	0.00584795321637427	NA	NA
31.2_15_4_3	NA	NA	NA	NA	NA	NA	0.00146198830409357	NA	NA	NA	NA	NA	NA	NA	NA	NA	NA	NA	NA	NA	NA	NA	NA	NA	NA	NA	NA
31.2_11_5_6	NA	NA	NA	NA	NA	NA	NA	NA	NA	NA	NA	NA	NA	NA	NA	NA	NA	NA	NA	NA	NA	NA	NA	NA	0.0263157894736842	NA	NA
31.2_12_4_6	NA	NA	NA	NA	NA	NA	NA	NA	NA	NA	NA	NA	NA	NA	NA	NA	NA	NA	NA	NA	NA	NA	NA	NA	0.0043859649122807	NA	NA
31.2_12_5_5	NA	NA	NA	NA	NA	NA	NA	NA	NA	NA	NA	NA	NA	NA	NA	NA	NA	NA	NA	NA	NA	NA	NA	NA	0.00584795321637427	NA	NA
31.2_12_5_6	NA	NA	NA	NA	NA	NA	NA	NA	NA	NA	NA	NA	NA	NA	NA	NA	NA	NA	NA	NA	NA	NA	NA	NA	0.0131578947368421	NA	NA
31.2_13_5_5	NA	NA	NA	NA	NA	NA	NA	NA	NA	NA	NA	NA	NA	NA	NA	NA	NA	NA	NA	NA	NA	NA	NA	NA	0.00146198830409357	NA	NA
32_10_8_6	NA	NA	NA	NA	NA	NA	NA	NA	NA	NA	NA	NA	NA	NA	NA	NA	NA	NA	NA	NA	NA	NA	NA	NA	0.00146198830409357	NA	NA
32_12_6_6	NA	NA	NA	NA	NA	NA	NA	NA	NA	NA	NA	NA	NA	NA	NA	NA	NA	NA	NA	NA	NA	NA	NA	NA	0.00292397660818713	NA	NA
32_13_5_6	NA	NA	NA	NA	NA	NA	NA	NA	NA	NA	NA	NA	NA	NA	NA	NA	NA	NA	NA	NA	NA	NA	NA	NA	0.00292397660818713	NA	NA
32_13_6_5	NA	NA	NA	NA	NA	NA	NA	NA	NA	NA	NA	NA	NA	NA	NA	NA	NA	NA	NA	NA	NA	NA	NA	NA	0.00146198830409357	NA	NA
32.2_12_5_6	NA	NA	NA	NA	NA	NA	NA	NA	NA	NA	NA	NA	NA	NA	NA	NA	NA	NA	NA	NA	NA	NA	NA	NA	0.0599415204678363	NA	NA
32.2_13_5_6	NA	NA	NA	NA	NA	NA	NA	NA	NA	NA	NA	NA	NA	NA	NA	NA	NA	NA	NA	NA	NA	NA	NA	NA	0.00146198830409357	NA	NA
33_10_10_5	NA	NA	NA	NA	NA	NA	NA	NA	NA	NA	NA	NA	NA	NA	NA	NA	NA	NA	NA	NA	NA	NA	NA	NA	0.00146198830409357	NA	NA
33_13_6_6	NA	NA	NA	NA	NA	NA	NA	NA	NA	NA	NA	NA	NA	NA	NA	NA	NA	NA	NA	NA	NA	NA	NA	NA	0.00146198830409357	NA	NA
33_14_4_7	NA	NA	NA	NA	NA	NA	NA	NA	NA	NA	NA	NA	NA	NA	NA	NA	NA	NA	NA	NA	NA	NA	NA	NA	0.00146198830409357	NA	NA
33.1_6_5_6	NA	NA	NA	NA	NA	NA	NA	NA	NA	NA	NA	NA	NA	NA	NA	NA	NA	NA	NA	NA	NA	NA	NA	NA	0.00292397660818713	NA	NA
33.2_12_5_7	NA	NA	NA	NA	NA	NA	NA	NA	NA	NA	NA	NA	NA	NA	NA	NA	NA	NA	NA	NA	NA	NA	NA	NA	0.00292397660818713	NA	NA
33.2_13_5_6	NA	NA	NA	NA	NA	NA	NA	NA	NA	NA	NA	NA	NA	NA	NA	NA	NA	NA	NA	NA	NA	NA	NA	NA	0.0307017543859649	NA	NA
33.2_14_5_6	NA	NA	NA	NA	NA	NA	NA	NA	NA	NA	NA	NA	NA	NA	NA	NA	NA	NA	NA	NA	NA	NA	NA	NA	0.00146198830409357	NA	NA
34_10_11_6	NA	NA	NA	NA	NA	NA	NA	NA	NA	NA	NA	NA	NA	NA	NA	NA	NA	NA	NA	NA	NA	NA	NA	NA	0.00146198830409357	NA	NA
34_10_9_7	NA	NA	NA	NA	NA	NA	NA	NA	NA	NA	NA	NA	NA	NA	NA	NA	NA	NA	NA	NA	NA	NA	NA	NA	0.00146198830409357	NA	NA
34_11_11_4	NA	NA	NA	NA	NA	NA	NA	NA	NA	NA	NA	NA	NA	NA	NA	NA	NA	NA	NA	NA	NA	NA	NA	NA	0.00146198830409357	NA	NA
34_9_10_7	NA	NA	NA	NA	NA	NA	NA	NA	NA	NA	NA	NA	NA	NA	NA	NA	NA	NA	NA	NA	NA	NA	NA	NA	0.00146198830409357	NA	NA
35_10_10_7	NA	NA	NA	NA	NA	NA	NA	NA	NA	NA	NA	NA	NA	NA	NA	NA	NA	NA	NA	NA	NA	NA	NA	NA	0.00292397660818713	NA	NA
35_12_10_5	NA	NA	NA	NA	NA	NA	NA	NA	NA	NA	NA	NA	NA	NA	NA	NA	NA	NA	NA	NA	NA	NA	NA	NA	0.00292397660818713	NA	NA
35_8_5_6	NA	NA	NA	NA	NA	NA	NA	NA	NA	NA	NA	NA	NA	NA	NA	NA	NA	NA	NA	NA	NA	NA	NA	NA	0.0160818713450292	NA	NA
36_10_11_7	NA	NA	NA	NA	NA	NA	NA	NA	NA	NA	NA	NA	NA	NA	NA	NA	NA	NA	NA	NA	NA	NA	NA	NA	0.00146198830409357	NA	NA
36_11_10_7	NA	NA	NA	NA	NA	NA	NA	NA	NA	NA	NA	NA	NA	NA	NA	NA	NA	NA	NA	NA	NA	NA	NA	NA	0.00292397660818713	NA	NA
36_12_11_5	NA	NA	NA	NA	NA	NA	NA	NA	NA	NA	NA	NA	NA	NA	NA	NA	NA	NA	NA	NA	NA	NA	NA	NA	0.00146198830409357	NA	NA
36_13_10_5	NA	NA	NA	NA	NA	NA	NA	NA	NA	NA	NA	NA	NA	NA	NA	NA	NA	NA	NA	NA	NA	NA	NA	NA	0.00146198830409357	NA	NA
36_9_5_6	NA	NA	NA	NA	NA	NA	NA	NA	NA	NA	NA	NA	NA	NA	NA	NA	NA	NA	NA	NA	NA	NA	NA	NA	0.00146198830409357	NA	NA
37_10_12_7	NA	NA	NA	NA	NA	NA	NA	NA	NA	NA	NA	NA	NA	NA	NA	NA	NA	NA	NA	NA	NA	NA	NA	NA	0.00146198830409357	NA	NA
37_11_11_8	NA	NA	NA	NA	NA	NA	NA	NA	NA	NA	NA	NA	NA	NA	NA	NA	NA	NA	NA	NA	NA	NA	NA	NA	0.00146198830409357	NA	NA
38_12_11_7	NA	NA	NA	NA	NA	NA	NA	NA	NA	NA	NA	NA	NA	NA	NA	NA	NA	NA	NA	NA	NA	NA	NA	NA	0.00146198830409357	NA	NA
39_11_13_7	NA	NA	NA	NA	NA	NA	NA	NA	NA	NA	NA	NA	NA	NA	NA	NA	NA	NA	NA	NA	NA	NA	NA	NA	0.00146198830409357	NA	NA
