SampleName;Marker;Allele1;Allele2;Allele3;Height1;Height2;Height3
stain67;D3S1358;15;16;17;139;251;135
stain67;VWA;15;18;;194;100;
stain67;D16S539;;;;;;
stain67;D2S1338;;;;;;
stain67;D8S1179;13;14;;158;192;
stain67;D21S11;28;30;;102;143;
stain67;D18S51;12;;;109;;
stain67;D19S433;14;15.2;;219;252;
stain67;TH01;8;9.3;;113;126;
stain67;FGA;21;;;105;;
stain76;D3S1358;15;16;17;166;422;117
stain76;VWA;15;18;;106;102;
stain76;D16S539;;;;;;
stain76;D2S1338;;;;;;
stain76;D8S1179;13;14;;172;224;
stain76;D21S11;28;30;;101;328;
stain76;D18S51;;;;;;
stain76;D19S433;14;15.2;;262;191;
stain76;TH01;9.3;;;111;;
stain76;FGA;24;;;106;;
stain16;D3S1358;15;16;;270;258;
stain16;VWA;15;18;;147;159;
stain16;D16S539;;;;;;
stain16;D2S1338;;;;;;
stain16;D8S1179;13;14;;149;212;
stain16;D21S11;30;;;140;;
stain16;D18S51;;;;;;
stain16;D19S433;14;15.2;;376;109;
stain16;TH01;;;;;;
stain16;FGA;21;;;121;;
