"Sample Name","Marker","Allele 1","Allele 2"
"P1","rs1490413","A","G"
"P1","rs7520386","A","A"
"P1","rs4847034","G","G"
"P1","rs560681","A","A"
"P1","rs10495407","A","G"
"P1","rs891700","G","G"
"P1","rs1413212","C","C"
"P1","rs876724","C","T"
"P1","rs1109037","A","G"
"P1","rs993934","G","G"
"P1","rs12997453","A","A"
"P1","rs907100","C","C"
"P1","rs1357617","T","T"
"P1","rs4364205","G","G"
"P1","rs9866013","C","T"
"P1","rs2399332","G","T"
"P1","rs1872575","A","G"
"P1","rs1355366","C","C"
"P1","rs6444724","C","T"
"P1","rs2046361","A","A"
"P1","rs279844","A","T"
"P1","rs13134862","A","A"
"P1","rs1554472","G","G"
"P1","rs6811238","G","T"
"P1","rs1979255","G","G"
"P1","rs717302","A","G"
"P1","rs159606","G","G"
"P1","rs7704770","A","G"
"P1","rs315791","C","C"
"P1","rs251934","A","G"
"P1","rs338882","A","G"
"P1","rs1029047","T","T"
"P1","rs13218440","A","G"
"P1","rs2811231","A","C"
"P1","rs1336071","C","T"
"P1","rs1478829","A","A"
"P1","rs1358856","A","A"
"P1","rs2503107","C","C"
"P1","rs2272998","C","G"
"P1","rs214955","C","T"
"P1","rs727811","T","T"
"P1","rs6955448","C","T"
"P1","rs917118","T","T"
"P1","rs1019029","A","G"
"P1","rs321198","C","T"
"P1","rs737681","T","T"
"P1","rs10092491","C","T"
"P1","rs4288409","A","C"
"P1","rs2056277","T","T"
"P1","rs4606077","C","C"
"P1","rs1015250","G","G"
"P1","rs2270529","C","T"
"P1","rs7041158","C","T"
"P1","rs1463729","C","T"
"P1","rs1360288","T","T"
"P1","rs10776839","G","T"
"P1","rs826472","C","T"
"P1","rs735155","C","C"
"P1","rs3780962","G","G"
"P1","rs1410059","C","C"
"P1","rs740598","A","A"
"P1","rs964681","T","T"
"P1","rs10768550","C","T"
"P1","rs10500617","A","T"
"P1","rs1498553","C","T"
"P1","rs901398","C","C"
"P1","rs6591147","C","C"
"P1","rs10488710","C","C"
"P1","rs590162","C","T"
"P1","rs2076848","T","T"
"P1","rs2107612","A","G"
"P1","rs2269355","C","G"
"P1","rs2111980","T","T"
"P1","rs10773760","A","G"
"P1","rs1335873","A","A"
"P1","rs1886510","A","G"
"P1","rs9546538","C","T"
"P1","rs1058083","G","G"
"P1","rs354439","A","T"
"P1","rs1454361","A","T"
"P1","rs722290","C","G"
"P1","rs873196","T","T"
"P1","rs4530059","A","G"
"P1","rs2016276","T","T"
"P1","rs1821380","C","G"
"P1","rs8037429","C","T"
"P1","rs1528460","T","T"
"P1","rs729172","G","T"
"P1","rs2342747","A","G"
"P1","rs7205345","C","G"
"P1","rs430046","T","T"
"P1","rs1382387","A","C"
"P1","rs9905977","A","G"
"P1","rs740910","A","A"
"P1","rs4796362","G","G"
"P1","rs2175957","T","T"
"P1","rs8070085","A","A"
"P1","rs1004357","A","A"
"P1","rs1027895","A","A"
"P1","rs938283","T","T"
"P1","rs8078417","C","C"
"P1","rs2291395","A","A"
"P1","rs4789798","C","C"
"P1","rs689512","C","C"
"P1","rs3744163","C","C"
"P1","rs2292972","C","C"
"P1","rs1493232","A","A"
"P1","rs9951171","A","A"
"P1","rs7229946","A","A"
"P1","rs985492","A","G"
"P1","rs521861","C","G"
"P1","rs1736442","C","C"
"P1","rs1024116","T","T"
"P1","rs719366","A","G"
"P1","rs1031825","A","C"
"P1","rs445251","C","C"
"P1","rs12480506","A","G"
"P1","rs2567608","C","T"
"P1","rs1005533","A","G"
"P1","rs1523537","T","T"
"P1","rs722098","A","G"
"P1","rs464663","C","C"
"P1","rs2830795","A","G"
"P1","rs2831700","A","G"
"P1","rs2833736","G","G"
"P1","rs914165","G","G"
"P1","rs221956","C","T"
"P1","rs9606186","C","G"
"P1","rs5746846","C","G"
"P1","rs2073383","T","T"
"P1","rs733164","G","G"
"P1","rs987640","A","T"
"P1","rs2040411","G","G"
"P1","rs1028528","A","G"
"P1","rs2534636","C","C"
"P1","rs9786608","C","C"
"P1","rs35284970","C","C"
"P1","rs9786184","A","A"
"P1","rs9786139","G","G"
"P1","rs16981290","C","C"
"P1","L298","T","T"
"P1","P256","G","G"
"P1","rs17306671","T","T"
"P1","rs4141886","A","A"
"P1","rs2032595","T","T"
"P1","rs2032597","A","A"
"P1","rs2032599","T","T"
"P1","rs20320","G","G"
"P1","rs2032602","T","T"
"P1","MSY2.2","G","G"
"P1","rs8179021","C","C"
"P1","rs2032624","C","C"
"P1","rs2032636","G","G"
"P1","rs9341278","G","G"
"P1","rs2032674","T","T"
"P1","rs2032658","G","G"
"P1","rs17269816","C","C"
"P1","rs3848982","C","C"
"P1","rs3900","G","G"
"P1","rs3911","A","A"
"P1","rs2032631","A","A"
"P1","rs2032673","T","T"
"P1","rs2032652","T","T"
"P1","rs13447443","A","A"
"P1","rs13447352","A","A"
"P1","rs17250535","T","T"
"P1","rs2033003","C","C"
"P3","rs1490413","A","A"
"P3","rs7520386","A","G"
"P3","rs4847034","A","G"
"P3","rs560681","A","G"
"P3","rs10495407","G","G"
"P3","rs891700","A","G"
"P3","rs1413212","C","C"
"P3","rs876724","T","T"
"P3","rs1109037","A","A"
"P3","rs993934","A","G"
"P3","rs12997453","A","A"
"P3","rs907100","C","G"
"P3","rs1357617","T","T"
"P3","rs4364205","G","T"
"P3","rs9866013","T","T"
"P3","rs2399332","G","G"
"P3","rs1872575","G","G"
"P3","rs1355366","C","T"
"P3","rs6444724","T","T"
"P3","rs2046361","A","T"
"P3","rs279844","T","T"
"P3","rs13134862","A","A"
"P3","rs1554472","A","G"
"P3","rs6811238","G","G"
"P3","rs1979255","G","G"
"P3","rs717302","A","G"
"P3","rs159606","A","G"
"P3","rs7704770","G","G"
"P3","rs315791","A","C"
"P3","rs251934","A","A"
"P3","rs338882","A","A"
"P3","rs1029047","A","T"
"P3","rs13218440","A","G"
"P3","rs2811231","A","C"
"P3","rs1336071","C","T"
"P3","rs1478829","A","A"
"P3","rs1358856","A","A"
"P3","rs2503107","A","C"
"P3","rs2272998","C","C"
"P3","rs214955","C","T"
"P3","rs727811","G","T"
"P3","rs6955448","C","T"
"P3","rs917118","C","C"
"P3","rs1019029","A","A"
"P3","rs321198","C","T"
"P3","rs737681","C","T"
"P3","rs10092491","C","C"
"P3","rs4288409","A","C"
"P3","rs2056277","C","C"
"P3","rs4606077","C","T"
"P3","rs1015250","G","G"
"P3","rs2270529","T","T"
"P3","rs7041158","T","T"
"P3","rs1463729","T","T"
"P3","rs1360288","C","T"
"P3","rs10776839","G","T"
"P3","rs826472","C","T"
"P3","rs735155","T","T"
"P3","rs3780962","A","A"
"P3","rs1410059","T","T"
"P3","rs740598","A","A"
"P3","rs964681","T","T"
"P3","rs10768550","C","C"
"P3","rs10500617","T","T"
"P3","rs1498553","C","T"
"P3","rs901398","C","T"
"P3","rs6591147","C","C"
"P3","rs10488710","C","C"
"P3","rs590162","C","C"
"P3","rs2076848","A","A"
"P3","rs2107612","G","G"
"P3","rs2269355","C","C"
"P3","rs2111980","C","T"
"P3","rs10773760","A","G"
"P3","rs1335873","A","A"
"P3","rs1886510","G","G"
"P3","rs9546538","C","C"
"P3","rs1058083","A","G"
"P3","rs354439","A","T"
"P3","rs1454361","A","A"
"P3","rs722290","C","C"
"P3","rs873196","C","T"
"P3","rs4530059","G","G"
"P3","rs2016276","C","T"
"P3","rs1821380","C","G"
"P3","rs8037429","C","T"
"P3","rs1528460","C","T"
"P3","rs729172","G","G"
"P3","rs2342747","G","G"
"P3","rs7205345","G","G"
"P3","rs430046","C","C"
"P3","rs1382387","A","A"
"P3","rs9905977","G","G"
"P3","rs740910","A","G"
"P3","rs4796362","A","G"
"P3","rs2175957","G","T"
"P3","rs8070085","A","G"
"P3","rs1004357","A","A"
"P3","rs1027895","A","G"
"P3","rs938283","T","T"
"P3","rs8078417","C","T"
"P3","rs2291395","G","G"
"P3","rs4789798","G","G"
"P3","rs689512","C","G"
"P3","rs3744163","C","G"
"P3","rs2292972","C","T"
"P3","rs1493232","A","C"
"P3","rs9951171","G","G"
"P3","rs7229946","A","G"
"P3","rs985492","A","G"
"P3","rs521861","C","G"
"P3","rs1736442","C","C"
"P3","rs1024116","T","T"
"P3","rs719366","A","G"
"P3","rs1031825","A","C"
"P3","rs445251","C","G"
"P3","rs12480506","A","G"
"P3","rs2567608","C","C"
"P3","rs1005533","A","A"
"P3","rs1523537","T","T"
"P3","rs722098","A","A"
"P3","rs464663","C","T"
"P3","rs2830795","A","G"
"P3","rs2831700","A","A"
"P3","rs2833736","A","A"
"P3","rs914165","G","G"
"P3","rs221956","C","T"
"P3","rs9606186","C","G"
"P3","rs5746846","C","G"
"P3","rs2073383","C","T"
"P3","rs733164","A","G"
"P3","rs987640","T","T"
"P3","rs2040411","A","A"
"P3","rs1028528","A","G"
"P3","rs2534636","C","C"
"P3","rs9786608","C","C"
"P3","rs35284970","C","C"
"P3","rs9786184","A","A"
"P3","rs9786139","G","G"
"P3","rs16981290","C","C"
"P3","L298","T","T"
"P3","P256","G","G"
"P3","rs17306671","T","T"
"P3","rs4141886","A","A"
"P3","rs2032595","T","T"
"P3","rs2032597","A","A"
"P3","rs2032599","T","T"
"P3","rs20320","G","G"
"P3","rs2032602","T","T"
"P3","MSY2.2","G","G"
"P3","rs8179021","C","C"
"P3","rs2032624","C","C"
"P3","rs2032636","G","G"
"P3","rs9341278","G","G"
"P3","rs2032674","T","T"
"P3","rs2032658","G","G"
"P3","rs17269816","C","C"
"P3","rs3848982","C","C"
"P3","rs3900","G","G"
"P3","rs3911","A","A"
"P3","rs2032631","A","A"
"P3","rs2032673","T","T"
"P3","rs2032652","T","T"
"P3","rs13447443","A","A"
"P3","rs13447352","A","A"
"P3","rs17250535","T","T"
"P3","rs2033003","C","C"
